reference_id,source_eid,source_title,source_year,source_doi,reference_no,raw_reference,cited_title,cited_authors,cited_year,cited_journal,cited_volume,cited_issue,cited_pages,extracted_doi,extracted_url,has_year,has_doi,has_url,year_marker_count,reference_year_detected,needs_review,review_reasons
2-s2.0-85040053464_0001,2-s2.0-85040053464,Mobile research in India: A scientometric assessment of publications output during 2007-16,2018,10.14429/djlit.38.1.12130,1,"Salman S.H., (2017)",Salman S.H,,2017,,,,,,,True,False,False,1,2017,True,SUSPICIOUSLY_SHORT_REFERENCE
2-s2.0-85040053464_0002,2-s2.0-85040053464,Mobile research in India: A scientometric assessment of publications output during 2007-16,2018,10.14429/djlit.38.1.12130,2,(2016),,,2016,,,,,,,True,False,False,1,2016,True,SUSPICIOUSLY_SHORT_REFERENCE
2-s2.0-85126019035_0021,2-s2.0-85126019035,"Information Behavior of Faculty Members of NSTU, Public University of Bangladesh",2022,10.14429/DJLIT.42.1.17177,21,(2021),,,2021,,,,,,,True,False,False,1,2021,True,SUSPICIOUSLY_SHORT_REFERENCE
2-s2.0-85180241422_0015,2-s2.0-85180241422,Open access mandates and policies adopted by the indian research organisations: An assessment of the status and effectiveness of selected indian research funders,2023,10.14429/djlit.43.5.19074,15,"Harzing A-W., Metrics: H and g-index; CSIR Central Open Archive Repositories Harvester, All Archives",Metrics: H and g-index; CSIR Central Open Archive Repositories Harvester,Harzing A-W.,,All Archives,,,,,,False,False,False,0,,True,TRAILING_REMAINDER_NO_CLOSING_YEAR; NO_YEAR_DETECTED
2-s2.0-85205802179_0019,2-s2.0-85205802179,Curating the Future of Research: Navigating FAIR Challenges in Academic Repositories,2024,10.14429/djlit.44.5.20075,19,"Kindling M.; Strecker D., Data quality assurance at research data repositories, Data Sci. J; Bote-Vericad J.-J.; Garcia-Carballo A., Global research data repositories: Distribution, software platforms, and organisational structures",Data quality assurance at research data repositories,Kindling M.; Strecker D.,,Data Sci. J; Bote-Vericad J.-J.; Garcia-Carballo A.,,,,,,False,False,False,0,,True,TRAILING_REMAINDER_NO_CLOSING_YEAR; NO_YEAR_DETECTED
2-s2.0-105042425017_0012,2-s2.0-105042425017,Online Attention to IIITs’ Research Publications: An Altmetric Analysis,2026,10.14429/djlit.20948,12,(2023),,,2023,,,,,,,True,False,False,1,2023,True,SUSPICIOUSLY_SHORT_REFERENCE
2-s2.0-105042425017_0031,2-s2.0-105042425017,Online Attention to IIITs’ Research Publications: An Altmetric Analysis,2026,10.14429/djlit.20948,31,Research Areas,Research Areas,,,,,,,,,False,False,False,0,,True,TRAILING_REMAINDER_NO_CLOSING_YEAR; NO_YEAR_DETECTED; SUSPICIOUSLY_SHORT_REFERENCE
2-s2.0-85064000742_0014,2-s2.0-85064000742,A cross sectional study of retraction notices of scholarly journals of science,2019,10.14429/djlit.39.2.14000,14,"Enagoacademy, (2018)",Enagoacademy,,2018,,,,,,,True,False,False,1,2018,True,SUSPICIOUSLY_SHORT_REFERENCE
2-s2.0-85083296244_0021,2-s2.0-85083296244,Gaps between users expectations and their perceptions on service quality of college libraries of Shahid Beheshti university of medical sciences: A case study,2020,10.14429/djlit.40.02.14958,21,(2013),,,2013,,,,,,,True,False,False,1,2013,True,SUSPICIOUSLY_SHORT_REFERENCE
2-s2.0-85064012706_0010,2-s2.0-85064012706,"E-resources vs prints: Usages and preferences by undergraduates in a private university, Nigeria",2019,10.14429/djlit.39.2.13885,10,"Idiegbeyan-Ose J.; Idahosa M.; Adewole-Odeshi E., Adoption and use of information and communication technologies (ICTs) in Library and Information Centres: Implications on teaching and learning process, Effects of Information Capitalism and Globalisation on Teaching and Learning",Adoption and use of information and communication technologies (ICTs) in Library and Information Centres: Implications on teaching and learning process,Idiegbeyan-Ose J.; Idahosa M.; Adewole-Odeshi E.,,Effects of Information Capitalism and Globalisation on Teaching and Learning,,,,,,False,False,False,0,,True,TRAILING_REMAINDER_NO_CLOSING_YEAR; NO_YEAR_DETECTED
2-s2.0-85125853580_0004,2-s2.0-85125853580,Assistive Support Through Technologies for Persons with Disabilities in Libraries,2022,10.14429/djlit.42.2.17558,4,(2006),,,2006,,,,,,,True,False,False,1,2006,True,SUSPICIOUSLY_SHORT_REFERENCE
2-s2.0-85125853580_0016,2-s2.0-85125853580,Assistive Support Through Technologies for Persons with Disabilities in Libraries,2022,10.14429/djlit.42.2.17558,16,Talking Typing Teacher-Standard; JAWS screen reader; ZoomText Magnifier/Reader; Braille translation software; Screen reader access | Central Information Commission; Dragon speech recognition; iCommunicator; Infrared systems; ShrutLekhan-Rajbhasha; Madentec TrackerPro computer input device; SofType 5 OnScreen keyboard; Home|Sugamya pustakalaya,Talking Typing Teacher-Standard; JAWS screen reader; ZoomText Magnifier/Reader; Braille translation software; Screen reader access | Central Information Commission; Dragon speech recognition; iCommunicator; Infrared systems; ShrutLekhan-Rajbhasha; Madentec TrackerPro computer input device; SofType 5 OnScreen keyboard; Home|Sugamya pustakalaya,,,,,,,,,False,False,False,0,,True,TRAILING_REMAINDER_NO_CLOSING_YEAR; NO_YEAR_DETECTED
2-s2.0-105022706142_0014,2-s2.0-105022706142,Citation Inequality Among Top NIRF-Ranked Universities: A Gini Coefficient Analysis,2025,10.14429/djlit.20870,14,(2024),,,2024,,,,,,,True,False,False,1,2024,True,SUSPICIOUSLY_SHORT_REFERENCE
2-s2.0-85146040787_0020,2-s2.0-85146040787,A Bibliometric Analysis of Research Output from Indian Institutes of Management,2022,10.14429/djlit.42.6.18316,20,"Gandhi M.; Sen K., Missing women in Indian university leadership: Barriers and facilitators, Edu. Manage. Admin. Leadership. 202, 49, 2, pp. 352-369",Missing women in Indian university leadership: Barriers and facilitators,Gandhi M.; Sen K.,,Edu. Manage. Admin. Leadership.,202,49,352-369,,,False,False,False,0,,True,TRAILING_REMAINDER_NO_CLOSING_YEAR; NO_YEAR_DETECTED
2-s2.0-85219134202_0011,2-s2.0-85219134202,Assessing the University Virtual Library Spaces for Digital Information Services in Nigeria,2025,10.14429/djlit.20348,11,"Our services, (2024)",Our services,,2024,,,,,,,True,False,False,1,2024,True,SUSPICIOUSLY_SHORT_REFERENCE
2-s2.0-85040028067_0002,2-s2.0-85040028067,Revisited indian origin library and information science journals included in UGC API: A study,2018,10.14429/djlit.38.1.11213,2,(1998),,,1998,,,,,,,True,False,False,1,1998,True,SUSPICIOUSLY_SHORT_REFERENCE
2-s2.0-85040028067_0003,2-s2.0-85040028067,Revisited indian origin library and information science journals included in UGC API: A study,2018,10.14429/djlit.38.1.11213,3,(2017),,,2017,,,,,,,True,False,False,1,2017,True,SUSPICIOUSLY_SHORT_REFERENCE
2-s2.0-85040028067_0005,2-s2.0-85040028067,Revisited indian origin library and information science journals included in UGC API: A study,2018,10.14429/djlit.38.1.11213,5,(2017),,,2017,,,,,,,True,False,False,1,2017,True,SUSPICIOUSLY_SHORT_REFERENCE
2-s2.0-85040028067_0006,2-s2.0-85040028067,Revisited indian origin library and information science journals included in UGC API: A study,2018,10.14429/djlit.38.1.11213,6,(2017),,,2017,,,,,,,True,False,False,1,2017,True,SUSPICIOUSLY_SHORT_REFERENCE
2-s2.0-85040028067_0007,2-s2.0-85040028067,Revisited indian origin library and information science journals included in UGC API: A study,2018,10.14429/djlit.38.1.11213,7,(2017),,,2017,,,,,,,True,False,False,1,2017,True,SUSPICIOUSLY_SHORT_REFERENCE
2-s2.0-85040028067_0008,2-s2.0-85040028067,Revisited indian origin library and information science journals included in UGC API: A study,2018,10.14429/djlit.38.1.11213,8,(2017),,,2017,,,,,,,True,False,False,1,2017,True,SUSPICIOUSLY_SHORT_REFERENCE
2-s2.0-85040028067_0010,2-s2.0-85040028067,Revisited indian origin library and information science journals included in UGC API: A study,2018,10.14429/djlit.38.1.11213,10,(2017),,,2017,,,,,,,True,False,False,1,2017,True,SUSPICIOUSLY_SHORT_REFERENCE
2-s2.0-85040028067_0011,2-s2.0-85040028067,Revisited indian origin library and information science journals included in UGC API: A study,2018,10.14429/djlit.38.1.11213,11,(2017),,,2017,,,,,,,True,False,False,1,2017,True,SUSPICIOUSLY_SHORT_REFERENCE
2-s2.0-85040028067_0012,2-s2.0-85040028067,Revisited indian origin library and information science journals included in UGC API: A study,2018,10.14429/djlit.38.1.11213,12,(2017),,,2017,,,,,,,True,False,False,1,2017,True,SUSPICIOUSLY_SHORT_REFERENCE
2-s2.0-85040028067_0013,2-s2.0-85040028067,Revisited indian origin library and information science journals included in UGC API: A study,2018,10.14429/djlit.38.1.11213,13,(2017),,,2017,,,,,,,True,False,False,1,2017,True,SUSPICIOUSLY_SHORT_REFERENCE
2-s2.0-85040028067_0017,2-s2.0-85040028067,Revisited indian origin library and information science journals included in UGC API: A study,2018,10.14429/djlit.38.1.11213,17,(2017),,,2017,,,,,,,True,False,False,1,2017,True,SUSPICIOUSLY_SHORT_REFERENCE
2-s2.0-85040028067_0018,2-s2.0-85040028067,Revisited indian origin library and information science journals included in UGC API: A study,2018,10.14429/djlit.38.1.11213,18,(2017),,,2017,,,,,,,True,False,False,1,2017,True,SUSPICIOUSLY_SHORT_REFERENCE
2-s2.0-85040028067_0019,2-s2.0-85040028067,Revisited indian origin library and information science journals included in UGC API: A study,2018,10.14429/djlit.38.1.11213,19,(2017),,,2017,,,,,,,True,False,False,1,2017,True,SUSPICIOUSLY_SHORT_REFERENCE
2-s2.0-85040028067_0020,2-s2.0-85040028067,Revisited indian origin library and information science journals included in UGC API: A study,2018,10.14429/djlit.38.1.11213,20,(2017),,,2017,,,,,,,True,False,False,1,2017,True,SUSPICIOUSLY_SHORT_REFERENCE
2-s2.0-85040028067_0021,2-s2.0-85040028067,Revisited indian origin library and information science journals included in UGC API: A study,2018,10.14429/djlit.38.1.11213,21,(2017),,,2017,,,,,,,True,False,False,1,2017,True,SUSPICIOUSLY_SHORT_REFERENCE
2-s2.0-85040028067_0022,2-s2.0-85040028067,Revisited indian origin library and information science journals included in UGC API: A study,2018,10.14429/djlit.38.1.11213,22,(2017),,,2017,,,,,,,True,False,False,1,2017,True,SUSPICIOUSLY_SHORT_REFERENCE
2-s2.0-85040028067_0023,2-s2.0-85040028067,Revisited indian origin library and information science journals included in UGC API: A study,2018,10.14429/djlit.38.1.11213,23,(2017),,,2017,,,,,,,True,False,False,1,2017,True,SUSPICIOUSLY_SHORT_REFERENCE
2-s2.0-85040028067_0024,2-s2.0-85040028067,Revisited indian origin library and information science journals included in UGC API: A study,2018,10.14429/djlit.38.1.11213,24,(2017),,,2017,,,,,,,True,False,False,1,2017,True,SUSPICIOUSLY_SHORT_REFERENCE
2-s2.0-85040028067_0025,2-s2.0-85040028067,Revisited indian origin library and information science journals included in UGC API: A study,2018,10.14429/djlit.38.1.11213,25,(2017),,,2017,,,,,,,True,False,False,1,2017,True,SUSPICIOUSLY_SHORT_REFERENCE
2-s2.0-85040028067_0026,2-s2.0-85040028067,Revisited indian origin library and information science journals included in UGC API: A study,2018,10.14429/djlit.38.1.11213,26,(2017),,,2017,,,,,,,True,False,False,1,2017,True,SUSPICIOUSLY_SHORT_REFERENCE
2-s2.0-85064055537_0021,2-s2.0-85064055537,Access to scholarly publications through consortium in Sri Lanka: A case study,2019,10.14429/djlit.39.1.13718,21,(2018),,,2018,,,,,,,True,False,False,1,2018,True,SUSPICIOUSLY_SHORT_REFERENCE
2-s2.0-85064055537_0022,2-s2.0-85064055537,Access to scholarly publications through consortium in Sri Lanka: A case study,2019,10.14429/djlit.39.1.13718,22,"INFLIBNET Centre, (2018)",INFLIBNET Centre,,2018,,,,,,,True,False,False,1,2018,True,SUSPICIOUSLY_SHORT_REFERENCE
2-s2.0-85129669530_0030,2-s2.0-85129669530,The Indonesia Triple Helix Digital Platform Model in Knowledge Sharing for Product Innovation Collaboration,2022,10.14429/djlit.42.3.17796,30,"Dr Shidiq Al Hakim received a Ph.D. degree in computer science from the University of Indonesia in 2021. He is a researcher at the Research Center for Informatics, National Research and Innovation Agency (BRIN) and a Lecturer at Bakrie University. His research interests include text mining, knowledge management, user experience, and recommender system, Contribution in the current study: Draft review, validation & draft correction and project administration; His research interest includes knowledge management, Data mining, Information System. Contribution in the current study: Supervision, methodology and funding acquisition; Ms Puri Indah Lestari obtained B.S, in Informatic Engineering from University of Sriwijaya. She is magister student in University of Indonesia since 2019. Her research interest include information system and knowledge management",National Research and Innovation Agency (BRIN) and a Lecturer at Bakrie University. His research interests include text mining,Dr Shidiq Al Hakim received a Ph.D. degree in computer science from the University of Indonesia in 2021. He is a researcher at the Research Center for Informatics,2019,knowledge management,,,,,,True,False,False,0,2019,True,TRAILING_REMAINDER_NO_CLOSING_YEAR; SUSPICIOUSLY_LONG_REFERENCE
2-s2.0-85178474070_0011,2-s2.0-85178474070,Journal of Informetrics: Bibliometric Study of Papers Published During 2007-2021,2023,10.14429/djlit.43.6.18918,11,SCImago journal rank (SJR),SCImago journal rank (SJR),,,,,,,,,False,False,False,0,,True,TRAILING_REMAINDER_NO_CLOSING_YEAR; NO_YEAR_DETECTED
2-s2.0-85040089334_0011,2-s2.0-85040089334,Usage and impact of science direct material science package in a material science library,2018,10.14429/djlit.38.1.12124,11,(2016),,,2016,,,,,,,True,False,False,1,2016,True,SUSPICIOUSLY_SHORT_REFERENCE
2-s2.0-85040089334_0012,2-s2.0-85040089334,Usage and impact of science direct material science package in a material science library,2018,10.14429/djlit.38.1.12124,12,(2016),,,2016,,,,,,,True,False,False,1,2016,True,SUSPICIOUSLY_SHORT_REFERENCE
2-s2.0-85125833942_0018,2-s2.0-85125833942,Information Channel Preference in Seeking Cultural Heritage Information: A Study,2022,10.14429/djlit.42.2.17605,18,"Merriam-Webster, (2020)",Merriam-Webster,,2020,,,,,,,True,False,False,1,2020,True,SUSPICIOUSLY_SHORT_REFERENCE
2-s2.0-85119289474_0006,2-s2.0-85119289474,"Ojs security analysis: Issues, reasons, and possible solutions",2021,10.14429/djlit.41.5.15975,6,Security precautions when using .htaccess Files; What is a salt and how does it make password hashing more secure?; Upgrading an OJS installation; Deploying PKP software securely,Security precautions when using .htaccess Files; What is a salt and how does it make password hashing more secure?; Upgrading an OJS installation; Deploying PKP software securely,,,,,,,,,False,False,False,0,,True,TRAILING_REMAINDER_NO_CLOSING_YEAR; NO_YEAR_DETECTED
2-s2.0-105012286182_0018,2-s2.0-105012286182,"Mapping of Emerging Technological Trends in Library and Information Science: A Computational Approach Using Sentiment Analysis, Topic Modeling and Network Analysis",2025,10.14429/djlit.21029,18,Download Neo4j Desktop [Internet]. Graph Database & Analytics,Download Neo4j Desktop [Internet]. Graph Database & Analytics,,,,,,,,,False,False,False,0,,True,TRAILING_REMAINDER_NO_CLOSING_YEAR; NO_YEAR_DETECTED
2-s2.0-85049666353_0003,2-s2.0-85049666353,Three dimensional (3D) printing: A scientometric assessment of global publications output during 2007-16,2018,10.14429/djlit.38.4.12300,3,(2013),,,2013,,,,,,,True,False,False,1,2013,True,SUSPICIOUSLY_SHORT_REFERENCE
2-s2.0-85049666353_0004,2-s2.0-85049666353,Three dimensional (3D) printing: A scientometric assessment of global publications output during 2007-16,2018,10.14429/djlit.38.4.12300,4,"Hornick J., (2017)",Hornick J,,2017,,,,,,,True,False,False,1,2017,True,SUSPICIOUSLY_SHORT_REFERENCE
2-s2.0-85171321500_0020,2-s2.0-85171321500,Knowledge Production Through Open Data for Digital Humanities: A Study of the Indian Landscape,2023,10.14429/djlit.43.04.19238,20,"Digital humanities centre at Berkeley; Programmes in digital humanities; Cambridge digital humanities; M.Sc. in Digital Scholarship; Centre for computing in the humanities; Department of digital humanities (centre of advance study); Hathi Trust Digital Library; A library of over 70000 e-books; Oxford Text Archive; The official portal for European Data; Bibliographic Framework Initiative; Note from the LITA National Forum: Linked open data; Stanford Libraries awarded $4 Million grant to implement linked data metadata environment; Data resources and support; Hidden Patterns of the Civil War; Digital Humanities Alliance for Research and Teaching Innovations (DHARTI), (2018)",Digital humanities centre at Berkeley; Programmes in digital humanities; Cambridge digital humanities; M.Sc. in Digital Scholarship; Centre for computing in the humanities; Department of digital humanities (centre of advance study); Hathi Trust Digital Library; A library of over 70000 e-books; Oxford Text Archive; The official portal for European Data; Bibliographic Framework Initiative; Note from the LITA National Forum: Linked open data; Stanford Libraries awarded $4 Million grant to implement linked data metadata environment; Data resources and support; Hidden Patterns of the Civil War; Digital Humanities Alliance for Research and Teaching Innovations (DHARTI),,2018,,,,,,,True,False,False,1,2018,True,SUSPICIOUSLY_LONG_REFERENCE
2-s2.0-85171321500_0022,2-s2.0-85171321500,Knowledge Production Through Open Data for Digital Humanities: A Study of the Indian Landscape,2023,10.14429/djlit.43.04.19238,22,"Certificate course in digital humanities; B.A. Computer applications: Digital humanities; New Humanities (NH); Digital humanities at Humanities and Social Science; Digital humanities; PhD in digital humanities; Gandhinagar. Humanities and Social Science; Humanities and social science: Working with humanities data; Introduction to digital humanities; Winter School at Institute of Advanced Studies in English; National Education Policy 2020; National Mission on Education through Information and Communication Technology (NMEICT); Study Webs of Active Learning for Young Aspiring Minds (SWAYAM); SWAYAM Prabha; National Digital Library of India (NDL); e-Yantra; Engineering a better tomorrow; Virtual Labs; Free/Libre and Open-Source Software in Education (FOSSEE); National Academic Depository (NAD); About; National Knowledge Network (NKN); National Mission on Manuscripts (NMM); SodhGangotri. Repository of research in progress and PG Dissertation; Shodhganga. A reservoir of Indian thesis; Vidwan: Expert database and national researcher network; E-Acharya: Integrated E-content portal; E-Kalpa an Android app; Badal: An academic cloud (For Cloud service for academics); Impacting Research Innovation and Technology (IMPRINT); Archaeological Survey of India (ASI); India Cultural Heritage (ICH); Indian Epigraphy Project (IEP); National Digital Repository Museums; Unsung heroes of India’s freedom struggle; Government of India, Digital district repository; Journey to India’s independence; National war memorial; Open Government Data (OGD) Platform India; Nehra S.S.; Bansode S., India’s open data Initiatives: A way to knowledge discovery, transformation and to achieve Sustainable Development Goals (SDGs) 2030, DESIDOC J. Lib. & Inf. Technol, 43, 1, pp. 21-29, (2023)",Certificate course in digital humanities; B.A. Computer applications: Digital humanities; New Humanities (NH); Digital humanities at Humanities and Social Science; Digital humanities; PhD in digital humanities; Gandhinagar. Humanities and Social Science; Humanities and social science: Working with humanities data; Introduction to digital humanities; Winter School at Institute of Advanced Studies in English; National Education Policy 2020; National Mission on Education through Information and Communication Technology (NMEICT); Study Webs of Active Learning for Young Aspiring Minds (SWAYAM); SWAYAM Prabha; National Digital Library of India (NDL); e-Yantra; Engineering a better tomorrow; Virtual Labs; Free/Libre and Open-Source Software in Education (FOSSEE); National Academic Depository (NAD); About; National Knowledge Network (NKN); National Mission on Manuscripts (NMM); SodhGangotri. Repository of research in progress and PG Dissertation; Shodhganga. A reservoir of Indian thesis; Vidwan: Expert database and national researcher network; E-Acharya: Integrated E-content portal; E-Kalpa an Android app; Badal: An academic cloud (For Cloud service for academics); Impacting Research Innovation and Technology (IMPRINT); Archaeological Survey of India (ASI); India Cultural Heritage (ICH); Indian Epigraphy Project (IEP); National Digital Repository Museums; Unsung heroes of India’s freedom struggle; Government of India,,2023,Digital district repository; Journey to India’s independence; National war memorial; Open Government Data (OGD) Platform India; Nehra S.S.; Bansode S.,43,1,21-29,,,True,False,False,1,2023,True,SUSPICIOUSLY_LONG_REFERENCE
2-s2.0-85171321500_0023,2-s2.0-85171321500,Knowledge Production Through Open Data for Digital Humanities: A Study of the Indian Landscape,2023,10.14429/djlit.43.04.19238,23,"People’s Archive of Rural India (PARI); Indian Memory Project (IMP); Indian Census Data (ICD); Memories of Delhi Archive (MDA); Digital India Project; Indiancine; Indian cinema heritage foundation; Women’s Archives; Indian Music Project; South Asian Music Resources at CRL; Digital music archives and library; Bichitra; Akademi Sahitya, Projects and schemes of sahitya akademi; Project for collecting and publish ancient Tamil literary works in digital form",People’s Archive of Rural India (PARI); Indian Memory Project (IMP); Indian Census Data (ICD); Memories of Delhi Archive (MDA); Digital India Project; Indiancine; Indian cinema heritage foundation; Women’s Archives; Indian Music Project; South Asian Music Resources at CRL; Digital music archives and library; Bichitra; Akademi Sahitya,,,Projects and schemes of sahitya akademi; Project for collecting and publish ancient Tamil literary works in digital form,,,,,,False,False,False,0,,True,TRAILING_REMAINDER_NO_CLOSING_YEAR; NO_YEAR_DETECTED
2-s2.0-85086393516_0001,2-s2.0-85086393516,Research productivity of mizoram university during 2004-2017: A scientometric study based on indian citation index,2020,10.14429/djlit.40.3.15022,1,(2018),,,2018,,,,,,,True,False,False,1,2018,True,SUSPICIOUSLY_SHORT_REFERENCE
2-s2.0-85086393516_0011,2-s2.0-85086393516,Research productivity of mizoram university during 2004-2017: A scientometric study based on indian citation index,2020,10.14429/djlit.40.3.15022,11,(2018),,,2018,,,,,,,True,False,False,1,2018,True,SUSPICIOUSLY_SHORT_REFERENCE
2-s2.0-85095683874_0009,2-s2.0-85095683874,Exploring archives space: an open source solution for digital archiving,2020,10.14429/djlit.40.05.16330,9,"Holton Gary; Berez Andrea; Camber Wendy, Preserving and enhancing native language resources in tribal libraries, archives, and museums, 2015 International Conference of Indigenous Archives, Libraries, and Museums",Preserving and enhancing native language resources in tribal libraries,Holton Gary; Berez Andrea; Camber Wendy,2015,archives,,,,,,True,False,False,0,2015,True,TRAILING_REMAINDER_NO_CLOSING_YEAR
2-s2.0-85196483256_0019,2-s2.0-85196483256,How Many Videos Are Cited in Academic Research? An Analysis of Indian Scholarly Publications,2024,10.14429/djlit.44.3.19507,19,YouTube for Press; NPTEL Channel; JoVE (Journal of Visualised Experiments) Channel; Journal number theory channel,YouTube for Press; NPTEL Channel; JoVE (Journal of Visualised Experiments) Channel; Journal number theory channel,,,,,,,,,False,False,False,0,,True,TRAILING_REMAINDER_NO_CLOSING_YEAR; NO_YEAR_DETECTED
2-s2.0-85095716735_0006,2-s2.0-85095716735,Sustainable digital preservation and access of heritage knowledge in India: A review,2020,10.14429/djlit.40.5.15822,6,(2008),,,2008,,,,,,,True,False,False,1,2008,True,SUSPICIOUSLY_SHORT_REFERENCE
2-s2.0-85095716735_0017,2-s2.0-85095716735,Sustainable digital preservation and access of heritage knowledge in India: A review,2020,10.14429/djlit.40.5.15822,17,Getty Resources on Art and Research Collections,Getty Resources on Art and Research Collections,,,,,,,,,False,False,False,0,,True,TRAILING_REMAINDER_NO_CLOSING_YEAR; NO_YEAR_DETECTED
2-s2.0-85175106391_0023,2-s2.0-85175106391,Structure and Functions of Metasearch Engines: An Evaluative Study,2023,10.14429/djlit.43.03.18303,23,(2022),,,2022,,,,,,,True,False,False,1,2022,True,SUSPICIOUSLY_SHORT_REFERENCE
2-s2.0-105042383894_0001,2-s2.0-105042383894,A Bibliometric Overview of Translation Research Across Disciplines in India,2026,10.14429/djlit.21041,1,"Reuters, (2013)",Reuters,,2013,,,,,,,True,False,False,1,2013,True,SUSPICIOUSLY_SHORT_REFERENCE
2-s2.0-85078336587_0024,2-s2.0-85078336587,Content analysis of Indian research data repositories: Prospects and possibilities,2019,10.14429/djlit.39.06.15137,24,(2018),,,2018,,,,,,,True,False,False,1,2018,True,SUSPICIOUSLY_SHORT_REFERENCE
2-s2.0-85040069530_0001,2-s2.0-85040069530,"Implementation of RFID technology at defence science library, DESIDOC: A case study",2018,10.14429/djlit.38.1.12351,1,(2017),,,2017,,,,,,,True,False,False,1,2017,True,SUSPICIOUSLY_SHORT_REFERENCE
2-s2.0-85040069530_0014,2-s2.0-85040069530,"Implementation of RFID technology at defence science library, DESIDOC: A case study",2018,10.14429/djlit.38.1.12351,14,"RFID Journal, (2017)",RFID Journal,,2017,,,,,,,True,False,False,1,2017,True,SUSPICIOUSLY_SHORT_REFERENCE
2-s2.0-85040069530_0015,2-s2.0-85040069530,"Implementation of RFID technology at defence science library, DESIDOC: A case study",2018,10.14429/djlit.38.1.12351,15,(2017),,,2017,,,,,,,True,False,False,1,2017,True,SUSPICIOUSLY_SHORT_REFERENCE
2-s2.0-85040069530_0018,2-s2.0-85040069530,"Implementation of RFID technology at defence science library, DESIDOC: A case study",2018,10.14429/djlit.38.1.12351,18,(2017),,,2017,,,,,,,True,False,False,1,2017,True,SUSPICIOUSLY_SHORT_REFERENCE
2-s2.0-85040069530_0019,2-s2.0-85040069530,"Implementation of RFID technology at defence science library, DESIDOC: A case study",2018,10.14429/djlit.38.1.12351,19,(2017),,,2017,,,,,,,True,False,False,1,2017,True,SUSPICIOUSLY_SHORT_REFERENCE
2-s2.0-85103288751_0010,2-s2.0-85103288751,Analysing open access uptake by academic and research institutions in India,2021,10.14429/djlit.41.02.16324,10,(2016),,,2016,,,,,,,True,False,False,1,2016,True,SUSPICIOUSLY_SHORT_REFERENCE
2-s2.0-85125836739_0044,2-s2.0-85125836739,Data Capital: A Systematic Literature Review,2022,10.14429/djlit.42.2.17503,44,"Bhattacherjee A.; Hikmet N., Enablers and inhibitors of healthcare information technology adoption: Toward",Enablers and inhibitors of healthcare information technology adoption: Toward,Bhattacherjee A.; Hikmet N.,,,,,,,,False,False,False,0,,True,TRAILING_REMAINDER_NO_CLOSING_YEAR; NO_YEAR_DETECTED
2-s2.0-85040081402_0001,2-s2.0-85040081402,DRDO E-journal consortium in defence science and technology,2018,10.14429/djlit.38.1.11444,1,(2017),,,2017,,,,,,,True,False,False,1,2017,True,SUSPICIOUSLY_SHORT_REFERENCE
2-s2.0-105001317430_0010,2-s2.0-105001317430,"Evaluating Legal Information Literacy of Students at Rajiv Gandhi National University of Law (RGNUL), Punjab: A Study",2025,10.14429/djlit.45.2.20500,10,(2023),,,2023,,,,,,,True,False,False,1,2023,True,SUSPICIOUSLY_SHORT_REFERENCE
2-s2.0-85219135159_0006,2-s2.0-85219135159,Empowering Accessibility: Converting Books for Print-Disabled Students in Government Law College Tiruchirappalli within the Framework of the Indian Copyright Act,2025,10.14429/djlit.19848,6,(2020),,,2020,,,,,,,True,False,False,1,2020,True,SUSPICIOUSLY_SHORT_REFERENCE
2-s2.0-85109567688_0008,2-s2.0-85109567688,Preparedness of the libraries to address the recent pandemic: A case study on 100 top academic institutes of India,2021,10.14429/djlit.41.03.16466,8,Social network users in leading markets 2025,Social network users in leading markets 2025,,2025,,,,,,,True,False,False,0,2025,True,TRAILING_REMAINDER_NO_CLOSING_YEAR
2-s2.0-85083317533_0004,2-s2.0-85083317533,Comparative analysis of information retrieval using ontology based vs traditional information systems in food science domain,2020,10.14429/djlit.40.02.15213,4,"Mustafa J.; Sharifullah K.; Khalid L., Ontology based semantic information retrieval, 4Th International IEEE Conference Intelligent Systems; Bikakis N.; Giannopoulos G.; Dalamagas T.; Sellis T., Integrating keywords and semantics on document annotation and search, Proc. of the 2010 International Conference on the Move to Meaningful Internet Systems: Part II, pp. 921-938; Tumer D.; Shah M.A.; Bitirim Y., An Empirical evaluation on semantic search performance of keyword-based and semantic search engines: Google, Yahoo, Msn and Hakia, 4Th International Conference on Internet Monitoring and Protection; Kang J.; Gao J., Application of ontology technology in agricultural information retrieval, Proc. of the 2Nd International Conference on Computer and Information Application, pp. 1183-1186, (2012)",Ontology based semantic information retrieval,Mustafa J.; Sharifullah K.; Khalid L.,2012,4Th International IEEE Conference Intelligent Systems; Bikakis N.; Giannopoulos G.; Dalamagas T.; Sellis T.,,,921-938,,,True,False,False,1,2012,True,SUSPICIOUSLY_LONG_REFERENCE
2-s2.0-85073355438_0009,2-s2.0-85073355438,Social tags versus LCSH descriptors: A comparative metadata analysis in the field of economics,2019,10.14429/djlit.39.4.14291,9,"Librarything, (2019)",Librarything,,2019,,,,,,,True,False,False,1,2019,True,SUSPICIOUSLY_SHORT_REFERENCE
2-s2.0-85064039152_0016,2-s2.0-85064039152,Plagiarism: An essay in terminology,2019,10.14429/djlit.39.2.13937,16,"Rothschild D., (2011)",Rothschild D,,2011,,,,,,,True,False,False,1,2011,True,SUSPICIOUSLY_SHORT_REFERENCE
2-s2.0-105001268954_0015,2-s2.0-105001268954,Beneficiary Correlation on NLIST Services in Colleges of Assam: A Nationwide Assessment,2025,10.14429/djlit.44.6.19890,15,"Gupta S.P., Rev), (2007)",Rev),Gupta S.P.,2007,,,,,,,True,False,False,1,2007,True,SUSPICIOUSLY_SHORT_REFERENCE
2-s2.0-105042585931_0029,2-s2.0-105042585931,From Mention to Merit: Citation Context Analysis of Top Cited Journals in Digital Humanities,2026,10.14429/djlit.21275,29,"Baas J; Schotten M; Plume A; Cote G; Karimi R., Scopus as a curated, high-quality bibliometric data source for academic research in quantitative science studies, Quant Sci Stud, 1, 1, pp. 1-10",Scopus as a curated,Baas J; Schotten M; Plume A; Cote G; Karimi R.,,high-quality bibliometric data source for academic research in quantitative science studies,1,1,1-10,,,False,False,False,0,,True,TRAILING_REMAINDER_NO_CLOSING_YEAR; NO_YEAR_DETECTED
2-s2.0-85046530394_0003,2-s2.0-85046530394,Electronic information resource optimisation in academic libraries: A comparative study on licensing provision of commercial publisher,2018,10.14429/djlit.38.3.12468,3,(2000),,,2000,,,,,,,True,False,False,1,2000,True,SUSPICIOUSLY_SHORT_REFERENCE
2-s2.0-85064045956_0008,2-s2.0-85064045956,Regulations to prevent plagiarism in higher education in India: A critical appraisal,2019,10.14429/djlit.39.2.14115,8,(2017),,,2017,,,,,,,True,False,False,1,2017,True,SUSPICIOUSLY_SHORT_REFERENCE
2-s2.0-85078360271_0012,2-s2.0-85078360271,Bibliometric analysis of research output on the internet of things in the Arab world,2019,10.14429/djlit.39.5.14303,12,(2018),,,2018,,,,,,,True,False,False,1,2018,True,SUSPICIOUSLY_SHORT_REFERENCE
2-s2.0-105014537805_0002,2-s2.0-105014537805,Exploring the Need for Research Data Management Services: A Study of CSIR Laboratories in India,2025,10.14429/djlit.20143,2,(2021),,,2021,,,,,,,True,False,False,1,2021,True,SUSPICIOUSLY_SHORT_REFERENCE
2-s2.0-85140004682_0026,2-s2.0-85140004682,A Study of Obstacles in Plagiarism Software Subscribing by Colleges in Tamil Nadu,2022,10.14429/djlit.42.5.18273,26,Karnataka produces second largest number of PhDs | Bengaluru news-Times of India,Karnataka produces second largest number of PhDs | Bengaluru news-Times of India,,,,,,,,,False,False,False,0,,True,TRAILING_REMAINDER_NO_CLOSING_YEAR; NO_YEAR_DETECTED
2-s2.0-85064035097_0001,2-s2.0-85064035097,Information access mechanism for visually impaired students in higher educational institutions: A study,2018,10.14429/djlit.38.6.13603,1,(2011),,,2011,,,,,,,True,False,False,1,2011,True,SUSPICIOUSLY_SHORT_REFERENCE
2-s2.0-85049694799_0002,2-s2.0-85049694799,Lotka’s applicability on global dengue research publication: A scientometric study,2018,10.14429/djlit.38.4.12361,2,"Bradford S.C., (1950)",Bradford S.C,,1950,,,,,,,True,False,False,1,1950,True,SUSPICIOUSLY_SHORT_REFERENCE
2-s2.0-105001371430_0008,2-s2.0-105001371430,Library and Information Science Journals Enlisted in UGC-CARE: A Webometric Analysis,2025,10.14429/djlit.20205,8,RBU Journal of Library & Information Science; College Libraries; Library Herald; IASLIC Bulletin; Journal of Indian Library Association; Annals of Library and Information Studies; DESIDOC J. of Lib. Inf. Tech; Journal of Information and Knowledge (Formerly-SRELS Journal of Information Management),RBU Journal of Library & Information Science; College Libraries; Library Herald; IASLIC Bulletin; Journal of Indian Library Association; Annals of Library and Information Studies; DESIDOC J. of Lib. Inf. Tech; Journal of Information and Knowledge (Formerly-SRELS Journal of Information Management),,,,,,,,,False,False,False,0,,True,TRAILING_REMAINDER_NO_CLOSING_YEAR; NO_YEAR_DETECTED
2-s2.0-105022744706_0007,2-s2.0-105022744706,SWAYAM as a Contingency Plan for Future Pandemics,2025,10.14429/djlit.19888,7,"George A., India Loves MOOCs, MIT Technology Review; Mohapatra S; Mohanty R., Adopting MOOCs for affordable quality education, Edu & Inf Technol, 22, 5, pp. 2027-2053; Paul P; Bhimali A; Kalishankar T; Aithal PS; Rajesh R., Swayam: The platform for modern and enhanced online and flexible education-A knowledge survey (SSRN Scholarly Paper ID 3380513), Social Science Research Network; Swayam central; Alieto E; Abequibel-Encarnacion B; Estigoy E; Balasa K; Eijansantos A; Torres-Toukoumidis A., Teaching inside a digital classroom: A quantitative analysis of attitude, technological competence and access among teachers across subject disciplines, Heliyon, 10, 2, pp. 1-15, (2024)",India Loves MOOCs,George A.,2024,MIT Technology Review; Mohapatra S; Mohanty R.,22,5,2027-2053,,,True,False,False,1,2024,True,SUSPICIOUSLY_LONG_REFERENCE
2-s2.0-85140027778_0023,2-s2.0-85140027778,User Interface Features and Knowledge Organisation Systems in Institutional Repositories: A Case Study of Centrally Funded Technical Institutions in India,2022,10.14429/djlit.42.5.18232,23,Transparent Ranking: Institutional repositories by Google Scholar (May 2021) | Ranking Web of Repositories,Transparent Ranking: Institutional repositories by Google Scholar (May 2021) | Ranking Web of Repositories,,2021,,,,,,,True,False,False,0,2021,True,TRAILING_REMAINDER_NO_CLOSING_YEAR
2-s2.0-85040033398_0004,2-s2.0-85040033398,Social semantics and similarities from user-generated keywords to information retrieval: A case study of social tags,2018,10.14429/djlit.38.1.10969,4,(2016),,,2016,,,,,,,True,False,False,1,2016,True,SUSPICIOUSLY_SHORT_REFERENCE
2-s2.0-85119256097_0001,2-s2.0-85119256097,Measuring research productivity of ‘universities with centre with potential for excellence in particular area (Cpepa) status’ in karnataka state,2021,10.14429/djlit.41.5.16507,1,(2011),,,2011,,,,,,,True,False,False,1,2011,True,SUSPICIOUSLY_SHORT_REFERENCE
2-s2.0-85153392486_0008,2-s2.0-85153392486,Automated Knowledge Organisation: AI/ML-based Subject Indexing System for Libraries,2023,10.14429/djlit.43.01.18619,8,"Scorpion, (2022)",Scorpion,,2022,,,,,,,True,False,False,1,2022,True,SUSPICIOUSLY_SHORT_REFERENCE
2-s2.0-85153369230_0011,2-s2.0-85153369230,Development of Digital Library on Green Mobility (DLGM) as Knowledge Sharing Tool to Promote Electric Vehicles in India: A Case Study,2023,10.14429/djlit.43.1.18367,11,Website of the National Transportation Library; Website of the IET Digital Library; Website of the Changing Transport; Website of the Plug in India,Website of the National Transportation Library; Website of the IET Digital Library; Website of the Changing Transport; Website of the Plug in India,,,,,,,,,False,False,False,0,,True,TRAILING_REMAINDER_NO_CLOSING_YEAR; NO_YEAR_DETECTED
2-s2.0-85083336178_0012,2-s2.0-85083336178,Wayfinding behavior of university library users in Mumbai: An explorative study,2020,10.14429/djlit.40.02.15308,12,"Beecher A.B., Wayfinding Tools in Public Library Buildings: A Multiple Case Study; Beneicke A.; Biesek J.; Brandon K., Wayfinding and signage in library design. 2003, Libris Design Project.",Wayfinding Tools in Public Library Buildings: A Multiple Case Study; Beneicke A.; Biesek J.; Brandon K.,Beecher A.B.,2003,Wayfinding and signage in library design. 2003,,,,,,True,False,False,0,2003,True,TRAILING_REMAINDER_NO_CLOSING_YEAR
2-s2.0-85134411573_0001,2-s2.0-85134411573,Automated Multi-Label Classification on Fertilizer-Themed PatenDocuments in Indonesia,2022,10.14429/djlit.42.4.17733,1,(2016),,,2016,,,,,,,True,False,False,1,2016,True,SUSPICIOUSLY_SHORT_REFERENCE
2-s2.0-85064040336_0046,2-s2.0-85064040336,Plagiarism and academic misconduct: A systematic review,2019,10.14429/djlit.39.2.13622,46,(2017),,,2017,,,,,,,True,False,False,1,2017,True,SUSPICIOUSLY_SHORT_REFERENCE
2-s2.0-85101056339_0001,2-s2.0-85101056339,Ranking of Indian research-intensive higher education institutions using multiple ranking methodologies: A correlation analysis,2021,10.14429/djlit.41.1.16683,1,(2011),,,2011,,,,,,,True,False,False,1,2011,True,SUSPICIOUSLY_SHORT_REFERENCE
2-s2.0-85101056339_0005,2-s2.0-85101056339,Ranking of Indian research-intensive higher education institutions using multiple ranking methodologies: A correlation analysis,2021,10.14429/djlit.41.1.16683,5,National institutional ranking framework 2020. Overall document,National institutional ranking framework 2020. Overall document,,2020,,,,,,,True,False,False,0,2020,True,TRAILING_REMAINDER_NO_CLOSING_YEAR
2-s2.0-85095718180_0036,2-s2.0-85095718180,Open standards used in oceanography research spatial data repositories in Spain,2020,10.14429/djlit.40.05.15924,36,(2019),,,2019,,,,,,,True,False,False,1,2019,True,SUSPICIOUSLY_SHORT_REFERENCE
2-s2.0-85049692006_0010,2-s2.0-85049692006,Scientometric analysis of metamorphosis: A journal of management research,2018,10.14429/djlit.38.4.12511,10,"Gupta S.; Bajpai R.P.; Shukla S.P.; Bajpai S., Annals of Library and Information Studies: Seven years scientometric scenario, National Conference on Library Information Science and Information Technology for Education, pp. 1-11",Annals of Library and Information Studies: Seven years scientometric scenario,Gupta S.; Bajpai R.P.; Shukla S.P.; Bajpai S.,,National Conference on Library Information Science and Information Technology for Education,,,1-11,,,False,False,False,0,,True,TRAILING_REMAINDER_NO_CLOSING_YEAR; NO_YEAR_DETECTED
2-s2.0-85078321949_0016,2-s2.0-85078321949,"Trends in pharmaceutical scholarly communications from India, China and United States: A comparative study",2019,10.14429/djlit.39.5.14602,16,National Science and Technology Management Information System (NSTMIS) Report on R&D Statistics for the Year 2017-2018,National Science and Technology Management Information System (NSTMIS) Report on R&D Statistics for the Year 2017-2018,,2018,,,,,,,True,False,False,0,2018,True,TRAILING_REMAINDER_NO_CLOSING_YEAR
2-s2.0-85046545464_0011,2-s2.0-85046545464,Predatory publishers using spamming strategies for call for papers and review requests: A case study,2018,10.14429/djlit.38.3.12551,11,"Gao K., The Ultimate Guide to Email Marketing. Everything You Need to Know about Successful Email Marketing, Comm100; Spykerman M., Typical Spam Characteristics. How to Effectively Block Spam and Junk Mail, White Paper, Red Earth Software; Costales B.; Flynt M., The Characteristics of Spam Email, A Guide for Fighting Spam. Addison-Wesley Professional, Indianapolis; Duan Z.; Gopalan K.; Yuan X., Behavioral characteristics of spammers and their network reachability properties, Proceedings of the IEEE International Conference on Communications, ICC. 2007, pp. 164-171; Xie Y.; Yu F.; Achan K.; Panigrahy R.; Hulten G.; Osipkov I., Spamming Botnets: Signatures and Characteristics. ACM SIGCOMM Comp, Comm. Rev., 38, pp. 171-182, (2008)",The Ultimate Guide to Email Marketing. Everything You Need to Know about Successful Email Marketing,Gao K.,2008,Comm100; Spykerman M.,,,164-171,,,True,False,False,1,2008,True,SUSPICIOUSLY_LONG_REFERENCE
2-s2.0-85046545464_0012,2-s2.0-85046545464,Predatory publishers using spamming strategies for call for papers and review requests: A case study,2018,10.14429/djlit.38.3.12551,12,"Calais P.H.; Pires D.E.V.; Guedes D.O.; Meira W.J.; Hoepers C.; Steding-Jessen K., A Campaign-based characterization of spamming strategies, CD Proceedings of the 5Th Conference on Email and Anti-Spam, CEAS, pp. 1-10; Pfister A., Spammers: What are they Doing Now? Cornell University Information Technologies Division of the Administrative Services; Fallows D., Spam: How It is Hurting Email and Degrading Life on the Internet. Pew Internet & American Life Project; Worried it’s Spam? 5 Things to Look For. Government of Canada Publications; Recognizing and Avoiding Email Scams. United States Computer Readiness Emergency Team; Odishoo J., Going above & beyond CAN-SPAM Compliance. a How to for Effective Email Marketing; Dudley M., Savvy Email Marketing: Writing Subject Lines that Get Emails Opened, Plus: BONUS: Creating Emails for Action, (2014)",A Campaign-based characterization of spamming strategies,Calais P.H.; Pires D.E.V.; Guedes D.O.; Meira W.J.; Hoepers C.; Steding-Jessen K.,2014,CD Proceedings of the 5Th Conference on Email and Anti-Spam,,,1-10,,,True,False,False,1,2014,True,SUSPICIOUSLY_LONG_REFERENCE
2-s2.0-85097528820_0015,2-s2.0-85097528820,Oral healthcare information seeking behaviour of pondicherry university students: A survey,2020,10.14429/djlit.40.6.16089,15,(2016),,,2016,,,,,,,True,False,False,1,2016,True,SUSPICIOUSLY_SHORT_REFERENCE
2-s2.0-105014534979_0006,2-s2.0-105014534979,Revisiting Fair Dealing and Copyright Infringement in India vis-à-vis Research and Education,2025,10.14429/djlit.21141,6,(2022),,,2022,,,,,,,True,False,False,1,2022,True,SUSPICIOUSLY_SHORT_REFERENCE
2-s2.0-105014534979_0009,2-s2.0-105014534979,Revisiting Fair Dealing and Copyright Infringement in India vis-à-vis Research and Education,2025,10.14429/djlit.21141,9,(1957),,,1957,,,,,,,True,False,False,1,1957,True,SUSPICIOUSLY_SHORT_REFERENCE
2-s2.0-105014534979_0016,2-s2.0-105014534979,Revisiting Fair Dealing and Copyright Infringement in India vis-à-vis Research and Education,2025,10.14429/djlit.21141,16,(1976),,,1976,,,,,,,True,False,False,1,1976,True,SUSPICIOUSLY_SHORT_REFERENCE
2-s2.0-105014534979_0037,2-s2.0-105014534979,Revisiting Fair Dealing and Copyright Infringement in India vis-à-vis Research and Education,2025,10.14429/djlit.21141,37,"Israel’s copyright act 2007, s. 19. Singapore’s copyright act 2021, pp. 190-194",Israel’s copyright act 2007,,2021,s. 19. Singapore’s copyright act 2021,,,190-194,,,True,False,False,0,2021,True,TRAILING_REMAINDER_NO_CLOSING_YEAR
2-s2.0-105001246668_0052,2-s2.0-105001246668,Exploring the Impact of Social Networking Sites on Scholarly Communication: An Analysis Based on Selected LIS Journals through Altmetric Explorer,2025,10.14429/djlit.44.6.20279,52,"Most popular social networks worldwide as of January 2024, ranked by number of monthly active users",Most popular social networks worldwide as of January 2024,,2024,ranked by number of monthly active users,,,,,,True,False,False,0,2024,True,TRAILING_REMAINDER_NO_CLOSING_YEAR
2-s2.0-85101160316_0024,2-s2.0-85101160316,Revisiting ranking of academic institutions: An overview,2021,10.14429/djlit.41.1.16673,24,World universities ranking on the web,World universities ranking on the web,,,,,,,,,False,False,False,0,,True,TRAILING_REMAINDER_NO_CLOSING_YEAR; NO_YEAR_DETECTED
2-s2.0-85090653550_0014,2-s2.0-85090653550,Content analysis of library websites of select colleges of Delhi University: A study,2020,10.14429/djlit.40.4.15454,14,(2019),,,2019,,,,,,,True,False,False,1,2019,True,SUSPICIOUSLY_SHORT_REFERENCE
2-s2.0-85049664654_0025,2-s2.0-85049664654,A survey on the teenagers’ need of public libraries’ resources and services,2018,10.14429/djlit.38.4.12506,25,"Winny N.K.; Patrick O., Information needs and information seeking behaviour of women refugees in Uganda; Public Libraries’ Role, Solidarity. Society. in Session S15-Satellite Meeting: Women, Information and Libraries Special Interest Group",Information needs and information seeking behaviour of women refugees in Uganda; Public Libraries’ Role,Winny N.K.; Patrick O.,,Solidarity. Society. in Session S15-Satellite Meeting: Women,,,,,,False,False,False,0,,True,TRAILING_REMAINDER_NO_CLOSING_YEAR; NO_YEAR_DETECTED
2-s2.0-85064002251_0005,2-s2.0-85064002251,Integrity in education and research,2019,10.14429/djlit.39.2.14215,5,(2019),,,2019,,,,,,,True,False,False,1,2019,True,SUSPICIOUSLY_SHORT_REFERENCE
2-s2.0-85064002251_0006,2-s2.0-85064002251,Integrity in education and research,2019,10.14429/djlit.39.2.14215,6,(2019),,,2019,,,,,,,True,False,False,1,2019,True,SUSPICIOUSLY_SHORT_REFERENCE
2-s2.0-85097560562_0014,2-s2.0-85097560562,Bibliometric study of library and information science journal articles during 2014-2018: Lis research trends in India,2020,10.14429/djlit.40.6.15631,14,(2018),,,2018,,,,,,,True,False,False,1,2018,True,SUSPICIOUSLY_SHORT_REFERENCE
2-s2.0-85067958534_0031,2-s2.0-85067958534,Mapping of crowdsourcing research: A bibliometric analysis,2019,10.14429/djlit.39.1.13630,31,"Liang X.; He M., A co-citation bibliometric analysis of crowdsourcing research, ICEB",A co-citation bibliometric analysis of crowdsourcing research,Liang X.; He M.,,ICEB,,,,,,False,False,False,0,,True,TRAILING_REMAINDER_NO_CLOSING_YEAR; NO_YEAR_DETECTED
2-s2.0-105001519567_0020,2-s2.0-105001519567,"Retractions in Indian Business Research: A Closer Look at Trends, Reasons and Impacts of Retracted Articles",2025,10.14429/djlit.45.2.20357,20,(2018),,,2018,,,,,,,True,False,False,1,2018,True,SUSPICIOUSLY_SHORT_REFERENCE
2-s2.0-85086374681_0001,2-s2.0-85086374681,Perception of researchers & academicians of parul university towards research data management system & role of library: A study,2020,10.14429/djlit.40.3.15302,1,(2019),,,2019,,,,,,,True,False,False,1,2019,True,SUSPICIOUSLY_SHORT_REFERENCE
2-s2.0-85086374681_0002,2-s2.0-85086374681,Perception of researchers & academicians of parul university towards research data management system & role of library: A study,2020,10.14429/djlit.40.3.15302,2,(2019),,,2019,,,,,,,True,False,False,1,2019,True,SUSPICIOUSLY_SHORT_REFERENCE
2-s2.0-85086374681_0006,2-s2.0-85086374681,Perception of researchers & academicians of parul university towards research data management system & role of library: A study,2020,10.14429/djlit.40.3.15302,6,(2019),,,2019,,,,,,,True,False,False,1,2019,True,SUSPICIOUSLY_SHORT_REFERENCE
2-s2.0-85086374681_0007,2-s2.0-85086374681,Perception of researchers & academicians of parul university towards research data management system & role of library: A study,2020,10.14429/djlit.40.3.15302,7,(2019),,,2019,,,,,,,True,False,False,1,2019,True,SUSPICIOUSLY_SHORT_REFERENCE
2-s2.0-85086374681_0020,2-s2.0-85086374681,Perception of researchers & academicians of parul university towards research data management system & role of library: A study,2020,10.14429/djlit.40.3.15302,20,(2019),,,2019,,,,,,,True,False,False,1,2019,True,SUSPICIOUSLY_SHORT_REFERENCE
2-s2.0-85118878505_0016,2-s2.0-85118878505,Information-seeking behaviour of the users of academic libraries: A critical review of literature,2021,10.14429/djlit.41.6.16646,16,"Sengar K.P. Singh; Gautam J.N., Information seeking behaviour of medical professionals working with public sector institute/hospital (PGIMER, Chandigarh) and private sector institute/hospital (EHIRC), New Delhi: A comparative study with reference to their library use, Libr. Herald, 43, 2, pp. 92-108",Information seeking behaviour of medical professionals working with public sector institute/hospital (PGIMER,Sengar K.P. Singh; Gautam J.N.,,Chandigarh) and private sector institute/hospital (EHIRC),43,2,92-108,,,False,False,False,0,,True,TRAILING_REMAINDER_NO_CLOSING_YEAR; NO_YEAR_DETECTED
2-s2.0-85140035082_0016,2-s2.0-85140035082,Importance of Offline Access Skills for Students in the Digital Era,2022,10.14429/djlit.42.5.18217,16,(2020),,,2020,,,,,,,True,False,False,1,2020,True,SUSPICIOUSLY_SHORT_REFERENCE
2-s2.0-85196557584_0003,2-s2.0-85196557584,Generative AI Tools for Collaborative Content Creation: A Comparative Analysis,2024,10.14429/djlit.44.3.19698,3,"Tutorialspoint, (2015)",Tutorialspoint,,2015,,,,,,,True,False,False,1,2015,True,SUSPICIOUSLY_SHORT_REFERENCE
2-s2.0-85196557584_0013,2-s2.0-85196557584,Generative AI Tools for Collaborative Content Creation: A Comparative Analysis,2024,10.14429/djlit.44.3.19698,13,Copywriting & Paraphrasing Tool; Jasper AI Copilot for Enterprise Marketing Teams; Great writing made easy with ProWritingAid; Scalenut: AI powered SEO and content marketing platform; Content Generator & Writing Assistant; TextCortex-Fully customizable AI assistant,Copywriting & Paraphrasing Tool; Jasper AI Copilot for Enterprise Marketing Teams; Great writing made easy with ProWritingAid; Scalenut: AI powered SEO and content marketing platform; Content Generator & Writing Assistant; TextCortex-Fully customizable AI assistant,,,,,,,,,False,False,False,0,,True,TRAILING_REMAINDER_NO_CLOSING_YEAR; NO_YEAR_DETECTED
2-s2.0-85153362407_0012,2-s2.0-85153362407,"India’s Open Data Initiatives: A Way to Knowledge Discovery, Transformation and to Achieve Sustainable Development Goals (SDGs) 2030",2023,10.14429/djlit.43.01.18622,12,"Communities, (2022)",Communities,,2022,,,,,,,True,False,False,1,2022,True,SUSPICIOUSLY_SHORT_REFERENCE
2-s2.0-85040037309_0006,2-s2.0-85040037309,Massive open online courses: Hype and hope,2018,10.14429/djlit.38.1.11141,6,(2016),,,2016,,,,,,,True,False,False,1,2016,True,SUSPICIOUSLY_SHORT_REFERENCE
2-s2.0-85040037309_0023,2-s2.0-85040037309,Massive open online courses: Hype and hope,2018,10.14429/djlit.38.1.11141,23,(2016),,,2016,,,,,,,True,False,False,1,2016,True,SUSPICIOUSLY_SHORT_REFERENCE
2-s2.0-85040034160_0022,2-s2.0-85040034160,"Awareness and usage of electronic resources among lis scholars of Jiwaji university, Gwalior: A survey",2018,10.14429/djlit.38.1.11524,22,"Shodhganga, (2016)",Shodhganga,,2016,,,,,,,True,False,False,1,2016,True,SUSPICIOUSLY_SHORT_REFERENCE
2-s2.0-85040034160_0023,2-s2.0-85040034160,"Awareness and usage of electronic resources among lis scholars of Jiwaji university, Gwalior: A survey",2018,10.14429/djlit.38.1.11524,23,(2016),,,2016,,,,,,,True,False,False,1,2016,True,SUSPICIOUSLY_SHORT_REFERENCE
2-s2.0-85129605971_0020,2-s2.0-85129605971,Bibliometric Analysis of the Coronavirus Research Publications Data before and after the Outbreak of the COVID: A Comparison,2022,10.14429/djlit.42.3.17350,20,"Van Eck N.J.; Waltman L., VOSviewer Manual",VOSviewer Manual,Van Eck N.J.; Waltman L.,,,,,,,,False,False,False,0,,True,TRAILING_REMAINDER_NO_CLOSING_YEAR; NO_YEAR_DETECTED
2-s2.0-85095688876_0015,2-s2.0-85095688876,Documentation of tai ahom manuscripts: Digital archiving of dead language,2020,10.14429/djlit.40.5.16042,15,"Ahom script, (2020)",Ahom script,,2020,,,,,,,True,False,False,1,2020,True,SUSPICIOUSLY_SHORT_REFERENCE
2-s2.0-85095688876_0018,2-s2.0-85095688876,Documentation of tai ahom manuscripts: Digital archiving of dead language,2020,10.14429/djlit.40.5.16042,18,Ahom people; Ahom people; Assamese language,Ahom people; Ahom people; Assamese language,,,,,,,,,False,False,False,0,,True,TRAILING_REMAINDER_NO_CLOSING_YEAR; NO_YEAR_DETECTED
2-s2.0-85184153418_0030,2-s2.0-85184153418,Attitude of Library Professionals Towards Information Communication Technology in the Select Central University Libraries of Delhi and Uttar Pradesh,2024,10.14429/djlit.44.1.19186,30,"Warrens M.J., A comparison of reliability coefficients for psychometric tests that consist of two parts, Adv. in Data Anal. and Classif, 2066, 10, pp. 71-84",A comparison of reliability coefficients for psychometric tests that consist of two parts,Warrens M.J.,,Adv. in Data Anal. and Classif,2066,10,71-84,,,False,False,False,0,,True,TRAILING_REMAINDER_NO_CLOSING_YEAR; NO_YEAR_DETECTED
2-s2.0-105042376416_0031,2-s2.0-105042376416,Mendeley Readership and Citation Metrics of Scopus-Indexed Indian Affiliated-Books: An Altmetrics Analysis,2026,10.14429/djlit.20263,31,"Navarro-Lopez C; Linares-Mustaros S; Mulet-Forteza C., The statistical analysis of compositional data” by John Aitchison (1986): A bibliometric overview, Sage Open, 12, 2, (2022)",The statistical analysis of compositional data” by John Aitchison (1986): A bibliometric overview,Navarro-Lopez C; Linares-Mustaros S; Mulet-Forteza C.,2022,Sage Open,12,2,,,,True,False,False,2,2022,True,MULTIPLE_YEAR_MARKERS
2-s2.0-105042376416_0047,2-s2.0-105042376416,Mendeley Readership and Citation Metrics of Scopus-Indexed Indian Affiliated-Books: An Altmetrics Analysis,2026,10.14429/djlit.20263,47,"Haustein S; Lariviere V, Mendeley as a source of readership by students and postdocs? Mendeley as a source of readership by students and postdocs? Mendeley As A Source Of Global Readership By Students And Postdocs?, Evaluating Article Usage By Academic Status, 12; Fang Z; Ho C; Han Z; Wu P., How fast do scholarly papers get read by various user groups? A longitudinal and cross-disciplinary analysis of the evolution of mendeley readership, J Ass Inf Sci Technol; Gerasimov I; KCB; Mehrabian A; Acker J; McGuire MP., Comparison of datasets citation coverage in google scholar, web of science, scopus, crossref, and datacite, Scientometrics, 129, 7, pp. 3681-3704, (2024)",Mendeley as a source of readership by students and postdocs? Mendeley as a source of readership by students and postdocs? Mendeley As A Source Of Global Readership By Students And Postdocs?,Haustein S; Lariviere V,2024,Evaluating Article Usage By Academic Status,129,7,3681-3704,,,True,False,False,1,2024,True,SUSPICIOUSLY_LONG_REFERENCE
2-s2.0-85171554810_0009,2-s2.0-85171554810,A Survey of the Metadata Element Sets Used for Digital Art Objects in the Online Collections of the Museums of India,2023,10.14429/djlit.43.04.19228,9,Tangible cultural heritage; Indian Museum; SalarJung Museum; National Portal and Digital Repository for museums of India,Tangible cultural heritage; Indian Museum; SalarJung Museum; National Portal and Digital Repository for museums of India,,,,,,,,,False,False,False,0,,True,TRAILING_REMAINDER_NO_CLOSING_YEAR; NO_YEAR_DETECTED
2-s2.0-105014543521_0023,2-s2.0-105014543521,Information Literacy Instructions in Higher Education Institutions: Enhancing Academic Success and Research Competencies among University Students in the United Arab Emirates,2025,10.14429/djlit.20794,23,"Lund B; Agbaji D; Teel ZA., Information literacy, data literacy, privacy literacy, and ChatGPT: Technology literacies align with perspectives on emerging technology adoption within communities. Lund, B, Agbaji, D, Teel, ZA (2023). Information literacy, data literacy, privacy literacy, and ChatGPT: Technology literacies align with perspectives on emerging technology adoption within communities, Human Technology, 19, 2, pp. 163-177, (2023)",Information literacy,Lund B; Agbaji D; Teel ZA.,2023,data literacy,19,2,163-177,,,True,False,False,2,2023,True,MULTIPLE_YEAR_MARKERS
2-s2.0-105014543521_0044,2-s2.0-105014543521,Information Literacy Instructions in Higher Education Institutions: Enhancing Academic Success and Research Competencies among University Students in the United Arab Emirates,2025,10.14429/djlit.20794,44,"Garcia MAV; Duarte EBJ; Tolosa MXM; Solano PAE; Hernandez MPM, Does the cultural context influence on reading comprehension?",Does the cultural context influence on reading comprehension?,Garcia MAV; Duarte EBJ; Tolosa MXM; Solano PAE; Hernandez MPM,,,,,,,,False,False,False,0,,True,TRAILING_REMAINDER_NO_CLOSING_YEAR; NO_YEAR_DETECTED
2-s2.0-105022726466_0033,2-s2.0-105022726466,Augmented Reality in Library Management System and Services: A Roadmap for Future Innovations and Applications,2025,10.14429/djlit.20791,33,"Aurusma. Aurusma, (2025)",Aurusma. Aurusma,,2025,,,,,,,True,False,False,1,2025,True,SUSPICIOUSLY_SHORT_REFERENCE
2-s2.0-105022726466_0037,2-s2.0-105022726466,Augmented Reality in Library Management System and Services: A Roadmap for Future Innovations and Applications,2025,10.14429/djlit.20791,37,"Magicbooks, (2025)",Magicbooks,,2025,,,,,,,True,False,False,1,2025,True,SUSPICIOUSLY_SHORT_REFERENCE
2-s2.0-105022726466_0043,2-s2.0-105022726466,Augmented Reality in Library Management System and Services: A Roadmap for Future Innovations and Applications,2025,10.14429/djlit.20791,43,"Wolf Walk, (2021)",Wolf Walk,,2021,,,,,,,True,False,False,1,2021,True,SUSPICIOUSLY_SHORT_REFERENCE
2-s2.0-105011589875_0014,2-s2.0-105011589875,Measuring the Online Presence and Research Visibility of Indian Library and Information Science Educators: Insights Analysis Based on Google Scholar,2025,10.14429/djlit.21018,14,About google Sscholar,About google Sscholar,,,,,,,,,False,False,False,0,,True,TRAILING_REMAINDER_NO_CLOSING_YEAR; NO_YEAR_DETECTED; SUSPICIOUSLY_SHORT_REFERENCE
2-s2.0-85053353145_0027,2-s2.0-85053353145,Relationship between online journal usage and their citations in the academic publications: A case study,2018,10.14429/djlit.38.5.13228,27,"McDonald J.H., Handbook of Biological Statistics",Handbook of Biological Statistics,McDonald J.H.,,,,,,,,False,False,False,0,,True,TRAILING_REMAINDER_NO_CLOSING_YEAR; NO_YEAR_DETECTED
2-s2.0-85109564981_0025,2-s2.0-85109564981,Web-based augmented reality for information delivery services: A performance study,2021,10.14429/djlit.41.03.16428,25,(1951),,,1951,,,,,,,True,False,False,1,1951,True,SUSPICIOUSLY_SHORT_REFERENCE
2-s2.0-85109564981_0026,2-s2.0-85109564981,Web-based augmented reality for information delivery services: A performance study,2021,10.14429/djlit.41.03.16428,26,(1951),,,1951,,,,,,,True,False,False,1,1951,True,SUSPICIOUSLY_SHORT_REFERENCE
2-s2.0-85109564981_0028,2-s2.0-85109564981,Web-based augmented reality for information delivery services: A performance study,2021,10.14429/djlit.41.03.16428,28,(2019),,,2019,,,,,,,True,False,False,1,2019,True,SUSPICIOUSLY_SHORT_REFERENCE
2-s2.0-85046547684_0006,2-s2.0-85046547684,"Service quality of libraries of indian council of agricultural research institutes of Kerala, India",2018,10.14429/djlit.38.3.12215,6,(2017),,,2017,,,,,,,True,False,False,1,2017,True,SUSPICIOUSLY_SHORT_REFERENCE
2-s2.0-85044341409_0019,2-s2.0-85044341409,Information seeking behaviour of engineering college students: A case study,2018,10.14429/djlit.38.2.11195,19,"Schaub M., College Students Prefer Print Books to E-Books, Study Finds",College Students Prefer Print Books to E-Books,Schaub M.,,Study Finds,,,,,,False,False,False,0,,True,TRAILING_REMAINDER_NO_CLOSING_YEAR; NO_YEAR_DETECTED
2-s2.0-85153348295_0015,2-s2.0-85153348295,Research Data Curation in Academic Institutions: Challenges & Expectations,2023,10.14429/djlit.43.1.18624,15,Finding a repository,Finding a repository,,,,,,,,,False,False,False,0,,True,TRAILING_REMAINDER_NO_CLOSING_YEAR; NO_YEAR_DETECTED; SUSPICIOUSLY_SHORT_REFERENCE
2-s2.0-85113774528_0014,2-s2.0-85113774528,Information technology laws: Mapping the evolution and impact of social media regulation in India,2021,10.14429/DJLIT.41.4.16966,14,"Mandates of special rapporteur on the promotion of the right to freedom of opinion and expression; What is traceability and why does WhatsApp oppose it?; Justice K.S. Justice K.S., Puttaswamy (Retd.) and Anr. vs Union Of India And Ors",Mandates of special rapporteur on the promotion of the right to freedom of opinion and expression; What is traceability and why does WhatsApp oppose it?; Justice K.S. Justice K.S.,,,Puttaswamy (Retd.) and Anr. vs Union Of India And Ors,,,,,,False,False,False,0,,True,TRAILING_REMAINDER_NO_CLOSING_YEAR; NO_YEAR_DETECTED
2-s2.0-105046082910_0029,2-s2.0-105046082910,Reconceptualising AI-Augmented Cataloguing in Libraries: A Global Framework for Theoretical Integration and Research Directions,2026,10.14429/djlit.21922,29,"Parkavi A; Rathi S., Designing a book recommendation system in library using collaborative filtering system, International Conference on Computing Communication and Networking Technologies (ICCCNT) IEEE, 2023, pp. 1-5; Yu X; Wang L., Construction of an intelligent book recommendation system for libraries under collaborative filtering algorithms, 2024 International Conference on Data Science and Network Security (ICDSNS), 2024, pp. 1-6; Du Y; Peng L; Dou S, Research on personalised book recommendation based on improved similarity calculation and data filling collaborative filtering algorithm, Comput Intell Neurosci, (2022)",Designing a book recommendation system in library using collaborative filtering system,Parkavi A; Rathi S.,2022,International Conference on Computing Communication and Networking Technologies (ICCCNT) IEEE,,,1-5,,,True,False,False,1,2022,True,SUSPICIOUSLY_LONG_REFERENCE
2-s2.0-85113588171_0004,2-s2.0-85113588171,Media and information literacy as a panacea for National Integration in an era of hate speech in Nigeria,2021,10.14429/DJLIT.41.4.17202,4,"Hate speech, (2013)",Hate speech,,2013,,,,,,,True,False,False,1,2013,True,SUSPICIOUSLY_SHORT_REFERENCE
2-s2.0-85113588171_0016,2-s2.0-85113588171,Media and information literacy as a panacea for National Integration in an era of hate speech in Nigeria,2021,10.14429/DJLIT.41.4.17202,16,"Bashri M.; Rafeeq A., Media and information literacy among millennials and generation Z in the Arab world filling the gap through a skill-based approach, 2020",Media and information literacy among millennials and generation Z in the Arab world filling the gap through a skill-based approach,Bashri M.; Rafeeq A.,2020,2020,,,,,,True,False,False,0,2020,True,TRAILING_REMAINDER_NO_CLOSING_YEAR
2-s2.0-85153376961_0026,2-s2.0-85153376961,Blended Learning vs. E-learning: Determining the Best Mode of Education from the Perspective of the Learners,2023,10.14429/djlit.43.1.18620,26,(2022),,,2022,,,,,,,True,False,False,1,2022,True,SUSPICIOUSLY_SHORT_REFERENCE
2-s2.0-85040075771_0008,2-s2.0-85040075771,"Uses of social networking sites among postgraduate students at university of Rajshahi, Bangladesh: A study",2018,10.14429/djlit.38.1.11466,8,(2017),,,2017,,,,,,,True,False,False,1,2017,True,SUSPICIOUSLY_SHORT_REFERENCE
2-s2.0-85040075771_0010,2-s2.0-85040075771,"Uses of social networking sites among postgraduate students at university of Rajshahi, Bangladesh: A study",2018,10.14429/djlit.38.1.11466,10,(2016),,,2016,,,,,,,True,False,False,1,2016,True,SUSPICIOUSLY_SHORT_REFERENCE
2-s2.0-85040075771_0011,2-s2.0-85040075771,"Uses of social networking sites among postgraduate students at university of Rajshahi, Bangladesh: A study",2018,10.14429/djlit.38.1.11466,11,(2016),,,2016,,,,,,,True,False,False,1,2016,True,SUSPICIOUSLY_SHORT_REFERENCE
2-s2.0-85101165168_0003,2-s2.0-85101165168,Five years of India rankings (2016 – 2020): An evolutionary study,2021,10.14429/djlit.41.1.16671,3,(2020),,,2020,,,,,,,True,False,False,1,2020,True,SUSPICIOUSLY_SHORT_REFERENCE
2-s2.0-85101165168_0004,2-s2.0-85101165168,Five years of India rankings (2016 – 2020): An evolutionary study,2021,10.14429/djlit.41.1.16671,4,(2020),,,2020,,,,,,,True,False,False,1,2020,True,SUSPICIOUSLY_SHORT_REFERENCE
2-s2.0-85119298278_0009,2-s2.0-85119298278,Information literacy skills among the masters’ students of social sciences departments of mizoram university and tezpur university: A comparative study,2021,10.14429/djlit.41.5.16399,9,Survey System,Survey System,,,,,,,,,False,False,False,0,,True,TRAILING_REMAINDER_NO_CLOSING_YEAR; NO_YEAR_DETECTED; SUSPICIOUSLY_SHORT_REFERENCE
2-s2.0-85095681756_0006,2-s2.0-85095681756,Digital archiving of manuscripts: Freedom to access the glorious indian cultural heritage resources,2020,10.14429/djlit.40.05.16332,6,"DPC history, (2002)",DPC history,,2002,,,,,,,True,False,False,1,2002,True,SUSPICIOUSLY_SHORT_REFERENCE
2-s2.0-85044285958_0001,2-s2.0-85044285958,Use of public library services by the distance learners of Bangalore university,2018,10.14429/djlit.38.2.11952,1,(2017),,,2017,,,,,,,True,False,False,1,2017,True,SUSPICIOUSLY_SHORT_REFERENCE
2-s2.0-85095689018_0001,2-s2.0-85095689018,Preserving indian languages and ancient scripts through language documentation and digital archiving,2020,10.14429/djlit.40.5.16441,1,"Austin P., Language documentation; PRUTHI R., Language Census 2011: Surge in Hindi and English speakers; Tribal language speakers decline",Language documentation; PRUTHI R.,Austin P.,2011,Language Census 2011: Surge in Hindi and English speakers; Tribal language speakers decline,,,,,,True,False,False,0,2011,True,TRAILING_REMAINDER_NO_CLOSING_YEAR
2-s2.0-85113200028_0004,2-s2.0-85113200028,The e-artists media and information literacy model for managing access to quality information,2021,10.14429/DJLIT.41.4.17351,4,"Wijetunge P.; Alahakoon U.P., Empowering 8: The Information Literacy model developed in Sri Lanka to underpin changing education paradigms of Sri Lanka; Bruce C., Seven Faces of Information Literacy; Alagaran II; J.R.Q. J.R.Q., Explore, Engage, Empower Model: Integrating Media and Information Literacy (MIL) for sustainable development in communication education curriculum, Media and Information Literacy for the Sustainable Development Goals (MILID Yearbook 2015)",Empowering 8: The Information Literacy model developed in Sri Lanka to underpin changing education paradigms of Sri Lanka; Bruce C.,Wijetunge P.; Alahakoon U.P.,2015,Seven Faces of Information Literacy; Alagaran II; J.R.Q. J.R.Q.,,,,,,True,False,False,0,2015,True,TRAILING_REMAINDER_NO_CLOSING_YEAR
2-s2.0-85113233067_0013,2-s2.0-85113233067,Students’ perception about the use of media platforms: A study,2021,10.14429/DJLIT.41.4.17167,13,Statista; India: Number of social media users by platform 2021,Statista; India: Number of social media users by platform 2021,,2021,,,,,,,True,False,False,0,2021,True,TRAILING_REMAINDER_NO_CLOSING_YEAR
2-s2.0-85103247786_0014,2-s2.0-85103247786,Challenges of using koha as a library management system among libraries in higher education institutions in zambia,2021,10.14429/djlit.41.02.15877,14,"Wightman T., (2013)",Wightman T,,2013,,,,,,,True,False,False,1,2013,True,SUSPICIOUSLY_SHORT_REFERENCE
2-s2.0-85114136175_0075,2-s2.0-85114136175,Media and information literacy: A bibliography,2021,10.14429/DJLIT.41.4.17358,75,"K Yuen A. H.; Ma Hong Kong Shue W. W.; Chan A.; Li K.; Fung Hong Kong Shue H.; Lau W. W.; Park Hong Kong J.; Wu A.; Chu R. H.; Liping Deng Kevin W Ho L. K.; Wun Sum Lam Kaman Lee Wenguang Li Y.; Nykvist S.; Oleksiyenko A.; Vivian R.; Xalabarder E.; Wang J.; Lu J.; Tung Lai W.; Wun Chung C.; Wu P.-Y., The Design Study of High-Quality Resource Shared Classes in China: A Case Study of the Abnormal Psychology Course How do Media Shape Perceptions of Social Reality? A Review on Cultivation Theory a Review of the Impacts of Agenda-setting the Design Study, Journal of Communication and Education, 2, 2, (2015)",K Yuen A. H.; Ma Hong Kong Shue W. W.; Chan A.; Li K.; Fung Hong Kong Shue H.; Lau W. W.; Park Hong Kong J.; Wu A.; Chu R. H.; Liping Deng Kevin W Ho L. K.; Wun Sum Lam Kaman Lee Wenguang Li Y.; Nykvist S.; Oleksiyenko A.; Vivian R.; Xalabarder E.; Wang J.; Lu J.; Tung Lai W.; Wun Chung C.; Wu P.-Y.,,2015,The Design Study of High-Quality Resource Shared Classes in China: A Case Study of the Abnormal Psychology Course How do Media Shape Perceptions of Social Reality? A Review on Cultivation Theory a Review of the Impacts of Agenda-setting the Design Study,2,2,,,,True,False,False,1,2015,True,SUSPICIOUSLY_LONG_REFERENCE
2-s2.0-85114136175_0125,2-s2.0-85114136175,Media and information literacy: A bibliography,2021,10.14429/DJLIT.41.4.17358,125,"Pessoa C., Tuominen, S., Kotilainen, S. (2012) Pedagogies of Media and Information Literacies. UNESCO Institute for Information Technologies in Education: Moscow, Comunicação e Sociedade, 23, pp. 314-316, (2013)",Tuominen,Pessoa C.,2013,S.,,,314-316,,,True,False,False,2,2013,True,MULTIPLE_YEAR_MARKERS
2-s2.0-105001273741_0020,2-s2.0-105001273741,High Cited Papers in Type 1 Diabetes Mellitus Immunotherapy: A Bibliometric Analysis of Global Publications During 1996-2023,2025,10.14429/djlit.45.2.20408,20,Welcome to VOSviewer,Welcome to VOSviewer,,,,,,,,,False,False,False,0,,True,TRAILING_REMAINDER_NO_CLOSING_YEAR; NO_YEAR_DETECTED; SUSPICIOUSLY_SHORT_REFERENCE
2-s2.0-105042387088_0008,2-s2.0-105042387088,Artificial Intelligence Driven Tools for Referencing: Comparison of Select Reference Managers and AI Reference Tools,2026,10.14429/djlit.20976,8,(2017),,,2017,,,,,,,True,False,False,1,2017,True,SUSPICIOUSLY_SHORT_REFERENCE
2-s2.0-85202177076_0035,2-s2.0-85202177076,Application of Mobile Technology for Stock Management in Academic Libraries,2024,10.14429/djlit.44.4.19650,35,"Barcode to Sheet, (2017)",Barcode to Sheet,,2017,,,,,,,True,False,False,1,2017,True,SUSPICIOUSLY_SHORT_REFERENCE
2-s2.0-85202177076_0036,2-s2.0-85202177076,Application of Mobile Technology for Stock Management in Academic Libraries,2024,10.14429/djlit.44.4.19650,36,"Barcode to Sheet, (2021)",Barcode to Sheet,,2021,,,,,,,True,False,False,1,2021,True,SUSPICIOUSLY_SHORT_REFERENCE
2-s2.0-85184252570_0010,2-s2.0-85184252570,Reviewing the Privacy Implications of India’s Digital Personal Data Protection Act (2023) from Library Contexts,2024,10.14429/djlit.44.1.18410,10,"Privacy, (2021)",Privacy,,2021,,,,,,,True,False,False,1,2021,True,SUSPICIOUSLY_SHORT_REFERENCE
2-s2.0-85205830363_0026,2-s2.0-85205830363,Content Analysis of Library Websites of the Centre with Potential for Excellence in Particular Area (CPEPA) Universities,2024,10.14429/djlit.44.5.19597,26,Centre with Potential for Excellence in Particular Area; Guru Nanak Dev University; Joshi Library C.,Centre with Potential for Excellence in Particular Area; Guru Nanak Dev University; Joshi Library C,,,,,,,,,False,False,False,0,,True,TRAILING_REMAINDER_NO_CLOSING_YEAR; NO_YEAR_DETECTED
2-s2.0-85171384887_0032,2-s2.0-85171384887,Components of Digital Humanities in Indian LIS Curricula: A Conceptual Analysis,2023,10.14429/djlit.43.04.19218,32,(2017),,,2017,,,,,,,True,False,False,1,2017,True,SUSPICIOUSLY_SHORT_REFERENCE
2-s2.0-85053311843_0018,2-s2.0-85053311843,"Research contributions of CCS Haryana agricultural university, Hisar: A bibliometric analysis",2018,10.14429/djlit.38.5.13188,18,Impact Factor (IF),Impact Factor (IF),,,,,,,,,False,False,False,0,,True,TRAILING_REMAINDER_NO_CLOSING_YEAR; NO_YEAR_DETECTED; SUSPICIOUSLY_SHORT_REFERENCE
2-s2.0-85078331255_0013,2-s2.0-85078331255,Served on a silver platter: Working towards an academic research data concierge service,2019,10.14429/djlit.39.6.14774,13,Data Management during the Research Lifecycle; Research Data Management Lifecycle.,Data Management during the Research Lifecycle; Research Data Management Lifecycle,,,,,,,,,False,False,False,0,,True,TRAILING_REMAINDER_NO_CLOSING_YEAR; NO_YEAR_DETECTED
2-s2.0-85086386078_0001,2-s2.0-85086386078,ARPIT online course on emerging trends & technologies in library & information services (ETTLIS): A case study,2020,10.14429/djlit.40.03.15488,1,(2020),,,2020,,,,,,,True,False,False,1,2020,True,SUSPICIOUSLY_SHORT_REFERENCE
2-s2.0-85086386078_0002,2-s2.0-85086386078,ARPIT online course on emerging trends & technologies in library & information services (ETTLIS): A case study,2020,10.14429/djlit.40.03.15488,2,(2020),,,2020,,,,,,,True,False,False,1,2020,True,SUSPICIOUSLY_SHORT_REFERENCE
2-s2.0-85086386078_0010,2-s2.0-85086386078,ARPIT online course on emerging trends & technologies in library & information services (ETTLIS): A case study,2020,10.14429/djlit.40.03.15488,10,(2020),,,2020,,,,,,,True,False,False,1,2020,True,SUSPICIOUSLY_SHORT_REFERENCE
2-s2.0-85086386078_0012,2-s2.0-85086386078,ARPIT online course on emerging trends & technologies in library & information services (ETTLIS): A case study,2020,10.14429/djlit.40.03.15488,12,(2020),,,2020,,,,,,,True,False,False,1,2020,True,SUSPICIOUSLY_SHORT_REFERENCE
2-s2.0-85086386078_0013,2-s2.0-85086386078,ARPIT online course on emerging trends & technologies in library & information services (ETTLIS): A case study,2020,10.14429/djlit.40.03.15488,13,(2020),,,2020,,,,,,,True,False,False,1,2020,True,SUSPICIOUSLY_SHORT_REFERENCE
2-s2.0-85086386078_0014,2-s2.0-85086386078,ARPIT online course on emerging trends & technologies in library & information services (ETTLIS): A case study,2020,10.14429/djlit.40.03.15488,14,(2020),,,2020,,,,,,,True,False,False,1,2020,True,SUSPICIOUSLY_SHORT_REFERENCE
2-s2.0-85086386078_0021,2-s2.0-85086386078,ARPIT online course on emerging trends & technologies in library & information services (ETTLIS): A case study,2020,10.14429/djlit.40.03.15488,21,(2020),,,2020,,,,,,,True,False,False,1,2020,True,SUSPICIOUSLY_SHORT_REFERENCE
2-s2.0-85146026063_0025,2-s2.0-85146026063,Mapping the Literature on Digital Humanities: A Bibliometric Study Using Scopus Data,2022,10.14429/djlit.42.6.18271,25,(2015),,,2015,,,,,,,True,False,False,1,2015,True,SUSPICIOUSLY_SHORT_REFERENCE
2-s2.0-85078349900_0002,2-s2.0-85078349900,Research data management in higher educational institutions,2019,10.14429/djlit.39.06.15281,2,"“Data Policies, (2018)",“Data Policies,,2018,,,,,,,True,False,False,1,2018,True,SUSPICIOUSLY_SHORT_REFERENCE
2-s2.0-105042349703_0008,2-s2.0-105042349703,"Integrating Moodle, DSpace and LRMI: A SWORD Based Approach",2026,10.14429/djlit.21115,8,"Wikipedia, (2025)",Wikipedia,,2025,,,,,,,True,False,False,1,2025,True,SUSPICIOUSLY_SHORT_REFERENCE
2-s2.0-105042349703_0010,2-s2.0-105042349703,"Integrating Moodle, DSpace and LRMI: A SWORD Based Approach",2026,10.14429/djlit.21115,10,"Wikipedia, (2025)",Wikipedia,,2025,,,,,,,True,False,False,1,2025,True,SUSPICIOUSLY_SHORT_REFERENCE
2-s2.0-105042349703_0011,2-s2.0-105042349703,"Integrating Moodle, DSpace and LRMI: A SWORD Based Approach",2026,10.14429/djlit.21115,11,(2025),,,2025,,,,,,,True,False,False,1,2025,True,SUSPICIOUSLY_SHORT_REFERENCE
2-s2.0-105042349703_0012,2-s2.0-105042349703,"Integrating Moodle, DSpace and LRMI: A SWORD Based Approach",2026,10.14429/djlit.21115,12,"Wikipedia, (2024)",Wikipedia,,2024,,,,,,,True,False,False,1,2024,True,SUSPICIOUSLY_SHORT_REFERENCE
2-s2.0-105042349703_0043,2-s2.0-105042349703,"Integrating Moodle, DSpace and LRMI: A SWORD Based Approach",2026,10.14429/djlit.21115,43,"About LRMITM, (2025)",About LRMITM,,2025,,,,,,,True,False,False,1,2025,True,SUSPICIOUSLY_SHORT_REFERENCE
2-s2.0-105042349703_0044,2-s2.0-105042349703,"Integrating Moodle, DSpace and LRMI: A SWORD Based Approach",2026,10.14429/djlit.21115,44,"DCMI, (2022)",DCMI,,2022,,,,,,,True,False,False,1,2022,True,SUSPICIOUSLY_SHORT_REFERENCE
2-s2.0-85202204119_0017,2-s2.0-85202204119,Trends in Plagiarism: A Bibliometric Approach,2024,10.14429/djlit.44.4.19733,17,(2010),,,2010,,,,,,,True,False,False,1,2010,True,SUSPICIOUSLY_SHORT_REFERENCE
2-s2.0-85046551532_0002,2-s2.0-85046551532,Journal packing density across subject disciplines among BRICS countries: A study,2018,10.14429/djlit.38.3.12288,2,"Wikipedia, (2017)",Wikipedia,,2017,,,,,,,True,False,False,1,2017,True,SUSPICIOUSLY_SHORT_REFERENCE
2-s2.0-85046551532_0003,2-s2.0-85046551532,Journal packing density across subject disciplines among BRICS countries: A study,2018,10.14429/djlit.38.3.12288,3,(2017),,,2017,,,,,,,True,False,False,1,2017,True,SUSPICIOUSLY_SHORT_REFERENCE
2-s2.0-85078330185_0006,2-s2.0-85078330185,A selective review of literature on research data management in academic libraries,2019,10.14429/djlit.39.06.14451,6,(2018),,,2018,,,,,,,True,False,False,1,2018,True,SUSPICIOUSLY_SHORT_REFERENCE
2-s2.0-85078330185_0051,2-s2.0-85078330185,A selective review of literature on research data management in academic libraries,2019,10.14429/djlit.39.06.14451,51,(2019),,,2019,,,,,,,True,False,False,1,2019,True,SUSPICIOUSLY_SHORT_REFERENCE
2-s2.0-85078330185_0054,2-s2.0-85078330185,A selective review of literature on research data management in academic libraries,2019,10.14429/djlit.39.06.14451,54,(2015),,,2015,,,,,,,True,False,False,1,2015,True,SUSPICIOUSLY_SHORT_REFERENCE
2-s2.0-85101188343_0021,2-s2.0-85101188343,Quest for ranking excellence: impact study of research metrics,2021,10.14429/djlit.41.1.16328,21,Research Metrics Guidebook,Research Metrics Guidebook,,,,,,,,,False,False,False,0,,True,TRAILING_REMAINDER_NO_CLOSING_YEAR; NO_YEAR_DETECTED
2-s2.0-85103275818_0001,2-s2.0-85103275818,Academic medical libraries and accessibility challenges: The conformance of the websites with the wcag2.1,2021,10.14429/djlit.41.02.16306,1,(2011),,,2011,,,,,,,True,False,False,1,2011,True,SUSPICIOUSLY_SHORT_REFERENCE
2-s2.0-85103275818_0018,2-s2.0-85103275818,Academic medical libraries and accessibility challenges: The conformance of the websites with the wcag2.1,2021,10.14429/djlit.41.02.16306,18,(2011),,,2011,,,,,,,True,False,False,1,2011,True,SUSPICIOUSLY_SHORT_REFERENCE
2-s2.0-85103275818_0027,2-s2.0-85103275818,Academic medical libraries and accessibility challenges: The conformance of the websites with the wcag2.1,2021,10.14429/djlit.41.02.16306,27,Writing for the Web,Writing for the Web,,,,,,,,,False,False,False,0,,True,TRAILING_REMAINDER_NO_CLOSING_YEAR; NO_YEAR_DETECTED; SUSPICIOUSLY_SHORT_REFERENCE
2-s2.0-105042451542_0031,2-s2.0-105042451542,Reinventing Academic Libraries via Intelligent Technologies: Bridging the Knowledge Gap for the Promotion of Information Access,2026,10.14429/djlit.21120,31,(2020),,,2020,,,,,,,True,False,False,1,2020,True,SUSPICIOUSLY_SHORT_REFERENCE
2-s2.0-85178404061_0020,2-s2.0-85178404061,Factors Affecting the Plagiarism Behavior of Faculties in Maharashtra,2023,10.14429/djlit.43.6.18863,20,"Dorji J., Academic misconduct and plagiarism practice in royal institute of management; Rozar N.; Sidik H.; Razik M.; Sidik N.; Zolkepli M., Why do university students perpetrate internet plagiarism? A multiple linear regression analysis, Sys Rev Pharm, 11, 12, pp. 947-955; Kumar A.; Mohindra R., Exploring awareness and attitude on plagiarism among research scholars: A case study of Punjab university, Chandigarh (India), Library Philosophy and Practice (e-journal); Basic Z.; Kruzic I.; Jerkovic I.; Buljan I.; Marusic A., Attitudes and knowledge about plagiarism among university students: Cross-sectional survey at the university of split, croatia, Science and Engineering Ethics, 25, pp. 1467-1483, (2019)",Academic misconduct and plagiarism practice in royal institute of management; Rozar N.; Sidik H.; Razik M.; Sidik N.; Zolkepli M.,Dorji J.,2019,Why do university students perpetrate internet plagiarism? A multiple linear regression analysis,11,12,947-955,,,True,False,False,1,2019,True,SUSPICIOUSLY_LONG_REFERENCE
2-s2.0-85073378058_0013,2-s2.0-85073378058,Awareness of legal issues related to libraries among library professionals of gujarat,2019,10.14429/djlit.39.3.14354,13,(2008),,,2008,,,,,,,True,False,False,1,2008,True,SUSPICIOUSLY_SHORT_REFERENCE
2-s2.0-85049663263_0008,2-s2.0-85049663263,Evaluation of online learning repositories: A comparative study,2018,10.14429/djlit.38.4.12711,8,"Mukhopadhyay P.S., Parameters for evaluation of databases [class handout], The University of Burdwan, Burdwan, West Bengal",Parameters for evaluation of databases [class handout],Mukhopadhyay P.S.,,The University of Burdwan,,,,,,False,False,False,0,,True,TRAILING_REMAINDER_NO_CLOSING_YEAR; NO_YEAR_DETECTED
2-s2.0-105022779694_0009,2-s2.0-105022779694,Medical and Local Disease-Related Research during 1994-2023 at Nepal,2025,10.14429/djlit.20530,9,"Haq IU; Rehman ZU., Medical research in Pakistan; A bibliometric evaluation from 2001 to 2020 (2021), Library Philosophy & Practice (e-journal); Ranasinghe P; Jayawardena R; Katulanda P., Sri Lanka in global medical research: A scientific analysis of the Sri Lankan research output during 2000-2009, BMC Res Notes, 5, 1, (2012)",Medical research in Pakistan; A bibliometric evaluation from 2001 to 2020 (2021),Haq IU; Rehman ZU.,2012,Library Philosophy & Practice (e-journal); Ranasinghe P; Jayawardena R; Katulanda P.,5,1,,,,True,False,False,2,2012,True,MULTIPLE_YEAR_MARKERS
2-s2.0-105022779694_0013,2-s2.0-105022779694,Medical and Local Disease-Related Research during 1994-2023 at Nepal,2025,10.14429/djlit.20530,13,Health Research Priorities Areas of Nepal 2019,Health Research Priorities Areas of Nepal 2019,,2019,,,,,,,True,False,False,0,2019,True,TRAILING_REMAINDER_NO_CLOSING_YEAR
2-s2.0-85007508495_0013,2-s2.0-85007508495,Tradition and transition: The journey of an iSchoolDeep in the heart of Texas,2017,10.14429/djlit.37.1.10686,13,"Ischools, About, (2014)",Ischools,,2014,About,,,,,,True,False,False,1,2014,True,SUSPICIOUSLY_SHORT_REFERENCE
2-s2.0-85007508495_0021,2-s2.0-85007508495,Tradition and transition: The journey of an iSchoolDeep in the heart of Texas,2017,10.14429/djlit.37.1.10686,21,(2016),,,2016,,,,,,,True,False,False,1,2016,True,SUSPICIOUSLY_SHORT_REFERENCE
2-s2.0-85007508495_0022,2-s2.0-85007508495,Tradition and transition: The journey of an iSchoolDeep in the heart of Texas,2017,10.14429/djlit.37.1.10686,22,"Dual Degrees, (2016)",Dual Degrees,,2016,,,,,,,True,False,False,1,2016,True,SUSPICIOUSLY_SHORT_REFERENCE
2-s2.0-85007508495_0023,2-s2.0-85007508495,Tradition and transition: The journey of an iSchoolDeep in the heart of Texas,2017,10.14429/djlit.37.1.10686,23,"Program Overview, (2016)",Program Overview,,2016,,,,,,,True,False,False,1,2016,True,SUSPICIOUSLY_SHORT_REFERENCE
2-s2.0-85007508495_0025,2-s2.0-85007508495,Tradition and transition: The journey of an iSchoolDeep in the heart of Texas,2017,10.14429/djlit.37.1.10686,25,"Undergrad Minor, (2016)",Undergrad Minor,,2016,,,,,,,True,False,False,1,2016,True,SUSPICIOUSLY_SHORT_REFERENCE
2-s2.0-84948967924_0018,2-s2.0-84948967924,Search engines and alternative data sources in webometric research: An exploratory study,2015,10.14429/djlit.35.6.8883,18,"DomainAgeTool; Majestic; Searchmetrics Rapid; PageRank, Check PageRank of Web site pages instantly",DomainAgeTool; Majestic; Searchmetrics Rapid; PageRank,,,Check PageRank of Web site pages instantly,,,,,,False,False,False,0,,True,TRAILING_REMAINDER_NO_CLOSING_YEAR; NO_YEAR_DETECTED
2-s2.0-84880667820_0021,2-s2.0-84880667820,Briefs on the 19th (1979) to the 23rd edition (2011) of Dewey decimal classification,2013,,21,"Satija M.P., Abridged Dewey-15 (2012) in historical perspectives, Knowledge Orgasnisation, 39, 6, pp. 466-468, (2012)",Abridged Dewey-15 (2012) in historical perspectives,Satija M.P.,2012,Knowledge Orgasnisation,39,6,466-468,,,True,False,False,2,2012,True,MULTIPLE_YEAR_MARKERS
2-s2.0-84938355294_0006,2-s2.0-84938355294,Bibiiometrics to altmetrics: Changing trends in assessing research impact,2015,10.14429/djlit.35.4.8505,6,(2010),,,2010,,,,,,,True,False,False,1,2010,True,SUSPICIOUSLY_SHORT_REFERENCE
2-s2.0-84884331250_0004,2-s2.0-84884331250,Application of mobile technologies to libraries,2013,,4,Worldcat; 7 things you should know about QR codes,Worldcat; 7 things you should know about QR codes,,,,,,,,,False,False,False,0,,True,TRAILING_REMAINDER_NO_CLOSING_YEAR; NO_YEAR_DETECTED
2-s2.0-84948967491_0006,2-s2.0-84948967491,Discovery service for engineering and technology literature through google custom search: A case study,2015,10.14429/djlit.35.6.8825,6,"Google Custom Search; Google custom search; Wayne, What is engineering technology?",What is engineering technology?,Google Custom Search; Google custom search; Wayne,,,,,,,,False,False,False,0,,True,TRAILING_REMAINDER_NO_CLOSING_YEAR; NO_YEAR_DETECTED
2-s2.0-84938383874_0008,2-s2.0-84938383874,Institutional repositories initiated by Indian institutes of technology and Indian institutes of management: A case study,2015,,8,(2014),,,2014,,,,,,,True,False,False,1,2014,True,SUSPICIOUSLY_SHORT_REFERENCE
2-s2.0-84938383874_0009,2-s2.0-84938383874,Institutional repositories initiated by Indian institutes of technology and Indian institutes of management: A case study,2015,,9,(2014),,,2014,,,,,,,True,False,False,1,2014,True,SUSPICIOUSLY_SHORT_REFERENCE
2-s2.0-84938383874_0010,2-s2.0-84938383874,Institutional repositories initiated by Indian institutes of technology and Indian institutes of management: A case study,2015,,10,(2014),,,2014,,,,,,,True,False,False,1,2014,True,SUSPICIOUSLY_SHORT_REFERENCE
2-s2.0-84938383874_0011,2-s2.0-84938383874,Institutional repositories initiated by Indian institutes of technology and Indian institutes of management: A case study,2015,,11,(2014),,,2014,,,,,,,True,False,False,1,2014,True,SUSPICIOUSLY_SHORT_REFERENCE
2-s2.0-84938383874_0012,2-s2.0-84938383874,Institutional repositories initiated by Indian institutes of technology and Indian institutes of management: A case study,2015,,12,(2014),,,2014,,,,,,,True,False,False,1,2014,True,SUSPICIOUSLY_SHORT_REFERENCE
2-s2.0-84938383874_0013,2-s2.0-84938383874,Institutional repositories initiated by Indian institutes of technology and Indian institutes of management: A case study,2015,,13,(2014),,,2014,,,,,,,True,False,False,1,2014,True,SUSPICIOUSLY_SHORT_REFERENCE
2-s2.0-84938383874_0014,2-s2.0-84938383874,Institutional repositories initiated by Indian institutes of technology and Indian institutes of management: A case study,2015,,14,(2014),,,2014,,,,,,,True,False,False,1,2014,True,SUSPICIOUSLY_SHORT_REFERENCE
2-s2.0-84938383874_0015,2-s2.0-84938383874,Institutional repositories initiated by Indian institutes of technology and Indian institutes of management: A case study,2015,,15,(2014),,,2014,,,,,,,True,False,False,1,2014,True,SUSPICIOUSLY_SHORT_REFERENCE
2-s2.0-84892704790_0001,2-s2.0-84892704790,"Glaucoma research: A scientometric study of Indian publications output, 2002-11",2014,10.14429/djlit.34.5499,1,"PubMed Health, (2012)",PubMed Health,,2012,,,,,,,True,False,False,1,2012,True,SUSPICIOUSLY_SHORT_REFERENCE
2-s2.0-84892704790_0007,2-s2.0-84892704790,"Glaucoma research: A scientometric study of Indian publications output, 2002-11",2014,10.14429/djlit.34.5499,7,Pattern of organisation in the development of medical know-how: The case of glaucoma research,Pattern of organisation in the development of medical know-how: The case of glaucoma research,,,,,,,,,False,False,False,0,,True,TRAILING_REMAINDER_NO_CLOSING_YEAR; NO_YEAR_DETECTED
2-s2.0-84964495161_0011,2-s2.0-84964495161,Social media and library marketing: Experiences of KN Raj library,2016,10.14429/djlit.36.3.9810,11,(2000),,,2000,,,,,,,True,False,False,1,2000,True,SUSPICIOUSLY_SHORT_REFERENCE
2-s2.0-84892750916_0010,2-s2.0-84892750916,An exploratory analysis of messages on a prominent LIS electronic discussion list from India,2014,10.14429/djlit.34.5492,10,ListProc software; Mailman software; LIS-Forum,ListProc software; Mailman software; LIS-Forum,,,,,,,,,False,False,False,0,,True,TRAILING_REMAINDER_NO_CLOSING_YEAR; NO_YEAR_DETECTED
2-s2.0-84906962158_0016,2-s2.0-84906962158,Metadata description framework for integration of bioinformatics information resources: A case of iBIRA,2014,10.14429/djlit.34.6254,16,(2012),,,2012,,,,,,,True,False,False,1,2012,True,SUSPICIOUSLY_SHORT_REFERENCE
2-s2.0-84925359643_0001,2-s2.0-84925359643,User’s perspective towards assistive technologies available in NCR libraries of India,2015,10.14429/djlit.35.2.8274,1,(2014),,,2014,,,,,,,True,False,False,1,2014,True,SUSPICIOUSLY_SHORT_REFERENCE
2-s2.0-84865836895_0001,2-s2.0-84865836895,The growth of E-books,2012,10.14429/djlit.32.2.1588,1,"Wilson R., Evolution of portable electronic books; Lebert M., A short history of ebooks; Adema J., Overview of open access models for ebooks in the humanities and social sciences; JISC National E-books Observatory Project: 2007-2010",Evolution of portable electronic books; Lebert M.,Wilson R.,2010,A short history of ebooks; Adema J.,,,,,,True,False,False,0,2010,True,TRAILING_REMAINDER_NO_CLOSING_YEAR
2-s2.0-84867584989_0002,2-s2.0-84867584989,Open source software for developing digital library: Comparative study,2012,10.14429/djlit.32.5.2660,2,"Lihitkar S., Comparative Study of GSDL, Dspace and Ganesha: Open Source Software; Meitei L.S.; Devi P., Open Source Initiatives In Digital Preservations: The Need For An Open Source Digital Repository and Preservation System",Comparative Study of GSDL,Lihitkar S.,,Dspace and Ganesha: Open Source Software; Meitei L.S.; Devi P.,,,,,,False,False,False,0,,True,TRAILING_REMAINDER_NO_CLOSING_YEAR; NO_YEAR_DETECTED
2-s2.0-84867613747_0018,2-s2.0-84867613747,E-learning experience using open source software: Moodle,2012,10.14429/djlit.32.5.2650,18,"Chen H.L., Using Wikis and Weblogs to Support Reflective Learning In An Introductory Engineering Design Course",Using Wikis and Weblogs to Support Reflective Learning In An Introductory Engineering Design Course,Chen H.L.,,,,,,,,False,False,False,0,,True,TRAILING_REMAINDER_NO_CLOSING_YEAR; NO_YEAR_DETECTED
2-s2.0-84904095372_0021,2-s2.0-84904095372,"Library software awareness: A survey of OPAC Vs card catalogue in IIT Delhi, IIT Kanpur, and Kashmir University",2014,10.14429/djlit.34.6164,21,"Homepage, (2011)",Homepage,,2011,,,,,,,True,False,False,1,2011,True,SUSPICIOUSLY_SHORT_REFERENCE
2-s2.0-84904095372_0022,2-s2.0-84904095372,"Library software awareness: A survey of OPAC Vs card catalogue in IIT Delhi, IIT Kanpur, and Kashmir University",2014,10.14429/djlit.34.6164,22,"Products, (2011)",Products,,2011,,,,,,,True,False,False,1,2011,True,SUSPICIOUSLY_SHORT_REFERENCE
2-s2.0-84867624177_0001,2-s2.0-84867624177,Open source library management and digital library software,2012,10.14429/djlit.32.5.2647,1,"pp. 108-109, (2009)",,,2009,,,,108-109,,,True,False,False,1,2009,True,SUSPICIOUSLY_SHORT_REFERENCE
2-s2.0-84867624177_0005,2-s2.0-84867624177,Open source library management and digital library software,2012,10.14429/djlit.32.5.2647,5,(2012),,,2012,,,,,,,True,False,False,1,2012,True,SUSPICIOUSLY_SHORT_REFERENCE
2-s2.0-85019167548_0016,2-s2.0-85019167548,Evaluation of e-learning web-portals,2017,10.14429/djlit.37.3.10961,16,NHS Shared Learning Quality Assurance Checklists for Evaluating Learning Objects and Online Courses February 2009,NHS Shared Learning Quality Assurance Checklists for Evaluating Learning Objects and Online Courses February 2009,,2009,,,,,,,True,False,False,0,2009,True,TRAILING_REMAINDER_NO_CLOSING_YEAR
2-s2.0-84896480030_0012,2-s2.0-84896480030,A story of great expectations: Past and present of online/virtual exhibitions,2014,10.14429/djlit.34.6749,12,Global interactive baroque; Map of Antifascist memory places; WatWasWaar; EXHIBIT; Google 3D Warehouse; YouTube,Global interactive baroque; Map of Antifascist memory places; WatWasWaar; EXHIBIT; Google 3D Warehouse; YouTube,,,,,,,,,False,False,False,0,,True,TRAILING_REMAINDER_NO_CLOSING_YEAR; NO_YEAR_DETECTED
2-s2.0-84872846145_0003,2-s2.0-84872846145,Corporate social responsibility: Activities in and around Visakhapatnam city,2013,10.14429/djlit.33.1.3722,3,(2011),,,2011,,,,,,,True,False,False,1,2011,True,SUSPICIOUSLY_SHORT_REFERENCE
2-s2.0-84911404357_0005,2-s2.0-84911404357,Specialisation in library and information science curriculum: Steps towards embedded librarianship,2014,10.14429/djlit.34.6.6582,5,"Jacobs W.M., Embedded librarianship is a winning proposition, Http://Files.Eric.Ed.Gov/Fulltext/Ej913569.Pdf",Embedded librarianship is a winning proposition,Jacobs W.M.,,Http://Files.Eric.Ed.Gov/Fulltext/Ej913569.Pdf,,,,,Http://Files.Eric.Ed.Gov/Fulltext/Ej913569.Pdf,False,False,True,0,,True,NO_YEAR_DETECTED
2-s2.0-85006476388_0001,2-s2.0-85006476388,Impact of Whatsapp on LIS professionals,2016,10.14429/djlit.36.6.10221,1,(2016),,,2016,,,,,,,True,False,False,1,2016,True,SUSPICIOUSLY_SHORT_REFERENCE
2-s2.0-84887596633_0005,2-s2.0-84887596633,Knowledge on ICT skills among LIS professionals of engineering institutions of Andhra Pradesh state: A survey,2013,10.14429/djlit.33.5479,5,"EAMCET, pp. 1-37, (2010)",EAMCET,,2010,,,,1-37,,,True,False,False,1,2010,True,SUSPICIOUSLY_SHORT_REFERENCE
2-s2.0-84887596633_0006,2-s2.0-84887596633,Knowledge on ICT skills among LIS professionals of engineering institutions of Andhra Pradesh state: A survey,2013,10.14429/djlit.33.5479,6,Weighted Arithmetic Mean Details,Weighted Arithmetic Mean Details,,,,,,,,,False,False,False,0,,True,TRAILING_REMAINDER_NO_CLOSING_YEAR; NO_YEAR_DETECTED
2-s2.0-84887601385_0002,2-s2.0-84887601385,Citation analysis of PhD theses in sociology submitted to University of Delhi during 1995-2010,2013,10.14429/djlit.33.5480,2,(2012),,,2012,,,,,,,True,False,False,1,2012,True,SUSPICIOUSLY_SHORT_REFERENCE
2-s2.0-84887601385_0003,2-s2.0-84887601385,Citation analysis of PhD theses in sociology submitted to University of Delhi during 1995-2010,2013,10.14429/djlit.33.5480,3,(2012),,,2012,,,,,,,True,False,False,1,2012,True,SUSPICIOUSLY_SHORT_REFERENCE
2-s2.0-84962339065_0003,2-s2.0-84962339065,Searching and analysing patent document to solve R&D problems,2016,10.14429/djlit.36.2.9504,3,(2015),,,2015,,,,,,,True,False,False,1,2015,True,SUSPICIOUSLY_SHORT_REFERENCE
2-s2.0-84867625878_0001,2-s2.0-84867625878,Open source software for federated search,2012,10.14429/djlit.32.5.2653,1,(2009),,,2009,,,,,,,True,False,False,1,2009,True,SUSPICIOUSLY_SHORT_REFERENCE
2-s2.0-84867625878_0003,2-s2.0-84867625878,Open source software for federated search,2012,10.14429/djlit.32.5.2653,3,"Collins M.D.D.; Carr P.L., Managing the Transition From Print to Electronic Journals and Resources: A Guide For Library and Information Professionals",Managing the Transition From Print to Electronic Journals and Resources: A Guide For Library and Information Professionals,Collins M.D.D.; Carr P.L.,,,,,,,,False,False,False,0,,True,TRAILING_REMAINDER_NO_CLOSING_YEAR; NO_YEAR_DETECTED
2-s2.0-85021904041_0001,2-s2.0-85021904041,DRDO E-journal consortium in defence science and technology: Strategies and future outlook,2017,10.14429/djlit.37.4.11444,1,(2017),,,2017,,,,,,,True,False,False,1,2017,True,SUSPICIOUSLY_SHORT_REFERENCE
2-s2.0-84906961719_0002,2-s2.0-84906961719,Development of subject gateways: A status update,2014,10.14429/djlit.34.5807,2,(2005),,,2005,,,,,,,True,False,False,1,2005,True,SUSPICIOUSLY_SHORT_REFERENCE
2-s2.0-84906961719_0006,2-s2.0-84906961719,Development of subject gateways: A status update,2014,10.14429/djlit.34.5807,6,(2013),,,2013,,,,,,,True,False,False,1,2013,True,SUSPICIOUSLY_SHORT_REFERENCE
2-s2.0-84906961719_0007,2-s2.0-84906961719,Development of subject gateways: A status update,2014,10.14429/djlit.34.5807,7,(2013),,,2013,,,,,,,True,False,False,1,2013,True,SUSPICIOUSLY_SHORT_REFERENCE
2-s2.0-84906961719_0008,2-s2.0-84906961719,Development of subject gateways: A status update,2014,10.14429/djlit.34.5807,8,(2013),,,2013,,,,,,,True,False,False,1,2013,True,SUSPICIOUSLY_SHORT_REFERENCE
2-s2.0-84906961719_0009,2-s2.0-84906961719,Development of subject gateways: A status update,2014,10.14429/djlit.34.5807,9,(2013),,,2013,,,,,,,True,False,False,1,2013,True,SUSPICIOUSLY_SHORT_REFERENCE
2-s2.0-84964545659_0022,2-s2.0-84964545659,"Use of online citation tools by students and research scholars of department of library and information science, University of Delhi",2016,10.14429/djlit.36.3.9428,22,"Jackson K., (2015)",Jackson K,,2015,,,,,,,True,False,False,1,2015,True,SUSPICIOUSLY_SHORT_REFERENCE
2-s2.0-84964545659_0024,2-s2.0-84964545659,"Use of online citation tools by students and research scholars of department of library and information science, University of Delhi",2016,10.14429/djlit.36.3.9428,24,(2015),,,2015,,,,,,,True,False,False,1,2015,True,SUSPICIOUSLY_SHORT_REFERENCE
2-s2.0-84964545659_0025,2-s2.0-84964545659,"Use of online citation tools by students and research scholars of department of library and information science, University of Delhi",2016,10.14429/djlit.36.3.9428,25,(2015),,,2015,,,,,,,True,False,False,1,2015,True,SUSPICIOUSLY_SHORT_REFERENCE
2-s2.0-84964545659_0026,2-s2.0-84964545659,"Use of online citation tools by students and research scholars of department of library and information science, University of Delhi",2016,10.14429/djlit.36.3.9428,26,(2015),,,2015,,,,,,,True,False,False,1,2015,True,SUSPICIOUSLY_SHORT_REFERENCE
2-s2.0-84964545659_0027,2-s2.0-84964545659,"Use of online citation tools by students and research scholars of department of library and information science, University of Delhi",2016,10.14429/djlit.36.3.9428,27,(2015),,,2015,,,,,,,True,False,False,1,2015,True,SUSPICIOUSLY_SHORT_REFERENCE
2-s2.0-84964545659_0028,2-s2.0-84964545659,"Use of online citation tools by students and research scholars of department of library and information science, University of Delhi",2016,10.14429/djlit.36.3.9428,28,(2015),,,2015,,,,,,,True,False,False,1,2015,True,SUSPICIOUSLY_SHORT_REFERENCE
2-s2.0-84964545659_0029,2-s2.0-84964545659,"Use of online citation tools by students and research scholars of department of library and information science, University of Delhi",2016,10.14429/djlit.36.3.9428,29,(2015),,,2015,,,,,,,True,False,False,1,2015,True,SUSPICIOUSLY_SHORT_REFERENCE
2-s2.0-84964545659_0030,2-s2.0-84964545659,"Use of online citation tools by students and research scholars of department of library and information science, University of Delhi",2016,10.14429/djlit.36.3.9428,30,(2015),,,2015,,,,,,,True,False,False,1,2015,True,SUSPICIOUSLY_SHORT_REFERENCE
2-s2.0-84964545659_0031,2-s2.0-84964545659,"Use of online citation tools by students and research scholars of department of library and information science, University of Delhi",2016,10.14429/djlit.36.3.9428,31,(2015),,,2015,,,,,,,True,False,False,1,2015,True,SUSPICIOUSLY_SHORT_REFERENCE
2-s2.0-84964545659_0032,2-s2.0-84964545659,"Use of online citation tools by students and research scholars of department of library and information science, University of Delhi",2016,10.14429/djlit.36.3.9428,32,(2015),,,2015,,,,,,,True,False,False,1,2015,True,SUSPICIOUSLY_SHORT_REFERENCE
2-s2.0-84964545659_0033,2-s2.0-84964545659,"Use of online citation tools by students and research scholars of department of library and information science, University of Delhi",2016,10.14429/djlit.36.3.9428,33,(2015),,,2015,,,,,,,True,False,False,1,2015,True,SUSPICIOUSLY_SHORT_REFERENCE
2-s2.0-84964545659_0034,2-s2.0-84964545659,"Use of online citation tools by students and research scholars of department of library and information science, University of Delhi",2016,10.14429/djlit.36.3.9428,34,(2015),,,2015,,,,,,,True,False,False,1,2015,True,SUSPICIOUSLY_SHORT_REFERENCE
2-s2.0-84964545659_0035,2-s2.0-84964545659,"Use of online citation tools by students and research scholars of department of library and information science, University of Delhi",2016,10.14429/djlit.36.3.9428,35,(2015),,,2015,,,,,,,True,False,False,1,2015,True,SUSPICIOUSLY_SHORT_REFERENCE
2-s2.0-84964545659_0041,2-s2.0-84964545659,"Use of online citation tools by students and research scholars of department of library and information science, University of Delhi",2016,10.14429/djlit.36.3.9428,41,(2015),,,2015,,,,,,,True,False,False,1,2015,True,SUSPICIOUSLY_SHORT_REFERENCE
2-s2.0-84870051927_0019,2-s2.0-84870051927,Cloud computing: A promising economic model for library and information centers,2012,10.14429/djlit.32.6.2850,19,Cloud Computing Tech Tips For Libraries; OCLC Web-scale Management Services: The First Cooperative Management Services For Libraries,Cloud Computing Tech Tips For Libraries; OCLC Web-scale Management Services: The First Cooperative Management Services For Libraries,,,,,,,,,False,False,False,0,,True,TRAILING_REMAINDER_NO_CLOSING_YEAR; NO_YEAR_DETECTED
2-s2.0-84906967932_0001,2-s2.0-84906967932,Communication of universities of Asia through Facebook: A study,2014,10.14429/djlit.34.5878,1,(2013),,,2013,,,,,,,True,False,False,1,2013,True,SUSPICIOUSLY_SHORT_REFERENCE
2-s2.0-84906967932_0012,2-s2.0-84906967932,Communication of universities of Asia through Facebook: A study,2014,10.14429/djlit.34.5878,12,(2013),,,2013,,,,,,,True,False,False,1,2013,True,SUSPICIOUSLY_SHORT_REFERENCE
2-s2.0-85032467255_0001,2-s2.0-85032467255,Use of ResearchGate by the research scholars of Pondicherry University: A study,2017,10.14429/djlit.37.11139,1,(2015),,,2015,,,,,,,True,False,False,1,2015,True,SUSPICIOUSLY_SHORT_REFERENCE
2-s2.0-84911412226_0004,2-s2.0-84911412226,Electronic repositories for preservation of legal scholarships,2014,10.14429/djlit.34.6.6265,4,NELLCO Legal Scholarship Repository; Legal Scholarship Network (LSN),NELLCO Legal Scholarship Repository; Legal Scholarship Network (LSN),,,,,,,,,False,False,False,0,,True,TRAILING_REMAINDER_NO_CLOSING_YEAR; NO_YEAR_DETECTED
2-s2.0-84932119290_0001,2-s2.0-84932119290,Library and Information System in Andhra Pradesh: An overview,2015,10.14429/djlit.35.3.8674,1,(2015),,,2015,,,,,,,True,False,False,1,2015,True,SUSPICIOUSLY_SHORT_REFERENCE
2-s2.0-84932119290_0002,2-s2.0-84932119290,Library and Information System in Andhra Pradesh: An overview,2015,10.14429/djlit.35.3.8674,2,(2015),,,2015,,,,,,,True,False,False,1,2015,True,SUSPICIOUSLY_SHORT_REFERENCE
2-s2.0-84932119290_0003,2-s2.0-84932119290,Library and Information System in Andhra Pradesh: An overview,2015,10.14429/djlit.35.3.8674,3,"Visakhapatnam, (2015)",Visakhapatnam,,2015,,,,,,,True,False,False,1,2015,True,SUSPICIOUSLY_SHORT_REFERENCE
2-s2.0-84932119290_0004,2-s2.0-84932119290,Library and Information System in Andhra Pradesh: An overview,2015,10.14429/djlit.35.3.8674,4,(2014),,,2014,,,,,,,True,False,False,1,2014,True,SUSPICIOUSLY_SHORT_REFERENCE
2-s2.0-85044370950_0005,2-s2.0-85044370950,Ebook vs. printed books in buenos aires: The traditional book continues to resist,2017,10.14429/djlit.37.3.10950,5,(2013),,,2013,,,,,,,True,False,False,1,2013,True,SUSPICIOUSLY_SHORT_REFERENCE
2-s2.0-84869994622_0005,2-s2.0-84869994622,Application of information communication technology to the management of library's readers' desk,2012,10.14429/djlit.32.6.2849,5,(2011),,,2011,,,,,,,True,False,False,1,2011,True,SUSPICIOUSLY_SHORT_REFERENCE
2-s2.0-84955581427_0001,2-s2.0-84955581427,Evaluation of virtual reference service provided by IIT libraries: A survey,2016,10.14429/djlit.36.1.9150,1,(2012),,,2012,,,,,,,True,False,False,1,2012,True,SUSPICIOUSLY_SHORT_REFERENCE
2-s2.0-84865685334_0015,2-s2.0-84865685334,Building website for mobile phone users of an Indian Agriculture university library: A model,2012,10.14429/djlit.32.4.2532,15,"QR code., (2011)",QR code,,2011,,,,,,,True,False,False,1,2011,True,SUSPICIOUSLY_SHORT_REFERENCE
2-s2.0-84981155228_0001,2-s2.0-84981155228,Status of automation in select university libraries in delhi: A study,2015,10.14429/djlit.35.4.9070,1,"Socio-Economicstatistical Information about India; A Digital Dream to Put India on Information Superhighway; Mitra S.; Shukla A.; Sen B.K., University library services for the differently-abled people:A pilot study, Library Herald, 52, 3, pp. 251-268; Tripathi M.; Shukla A., Use of assistive technologies in academic libraries: A survey, Assistive Technology, 26, 2, pp. 105-118; Ballard T., Google This!: Putting Google and other social media sites to work for your library, Elsevier; Young S.W.H.; Rossmann D., Building ibrary community through social media, Inf. Tech. and Lib., 34, 1, pp. 20-37; Hoy M.B., An introduction to web scale discovery systems, Med. Ref. Serv. Quar., 31, 3, pp. 323-329; Hotline W., Top ten trends in academic libraries: A review of the trends and issues affecting academic libraries in higher education, Coll. Res. Lib. News, 73, 20, pp. 311-320, (2012)",University library services for the differently-abled people:A pilot study,Socio-Economicstatistical Information about India; A Digital Dream to Put India on Information Superhighway; Mitra S.; Shukla A.; Sen B.K.,2012,Library Herald,52,3,251-268,,,True,False,False,1,2012,True,SUSPICIOUSLY_LONG_REFERENCE
2-s2.0-84981155228_0002,2-s2.0-84981155228,Status of automation in select university libraries in delhi: A study,2015,10.14429/djlit.35.4.9070,2,"Op trends in academic libraries: A review of the trends and issues affecting academic libraries in higher education, Coll. Res. Lib. News, 75, 6, pp. 294-302; Guidelines for Indian Government Website: An Integral Part of Central Secretariat Manual of Official Procedure",Op trends in academic libraries: A review of the trends and issues affecting academic libraries in higher education,,,Coll. Res. Lib. News,75,6,294-302,,,False,False,False,0,,True,TRAILING_REMAINDER_NO_CLOSING_YEAR; NO_YEAR_DETECTED
2-s2.0-84911393661_0014,2-s2.0-84911393661,Demographic variables as correlates of lecturers research productivity in faculties of law in Nigerian universities,2014,10.14429/djlit.34.6.7962,14,"List of Nigerian Universities and Years Founded, 7, 4",List of Nigerian Universities and Years Founded,,,,7,4,,,,False,False,False,0,,True,TRAILING_REMAINDER_NO_CLOSING_YEAR; NO_YEAR_DETECTED
2-s2.0-84865699731_0004,2-s2.0-84865699731,Patent information and search,2012,10.14429/djlit.32.3.2375,4,EPO-patent families.; National office databases; End-user patent searching using open access sources.,EPO-patent families.; National office databases; End-user patent searching using open access sources,,,,,,,,,False,False,False,0,,True,TRAILING_REMAINDER_NO_CLOSING_YEAR; NO_YEAR_DETECTED
2-s2.0-85032490278_0011,2-s2.0-85032490278,Use of WhatsApp for effective delivery of library and information services,2017,10.14429/djlit.37.11090,11,"Whatsapp Blog, (2016)",Whatsapp Blog,,2016,,,,,,,True,False,False,1,2016,True,SUSPICIOUSLY_SHORT_REFERENCE
2-s2.0-84921812334_0004,2-s2.0-84921812334,"Library resources and services in the selected university libraries of Haryana, India",2015,10.14429/djlit.35.1.7967,4,"Deenbandhu Chhotu Ram University of Science and Technology-Murthal; O.P. Jindal Global University, Sonipat; B.P.S. MahilaVishwavidyalaya, Sonepat",Sonipat; B.P.S. MahilaVishwavidyalaya,Deenbandhu Chhotu Ram University of Science and Technology-Murthal; O.P. Jindal Global University,,Sonepat,,,,,,False,False,False,0,,True,TRAILING_REMAINDER_NO_CLOSING_YEAR; NO_YEAR_DETECTED
2-s2.0-84865698404_0009,2-s2.0-84865698404,In search of simplicity: Redesigning the Digital Bleek and Lloyd,2012,10.14429/djlit.32.4.2524,9,"DuraCloud., (2012)",DuraCloud,,2012,,,,,,,True,False,False,1,2012,True,SUSPICIOUSLY_SHORT_REFERENCE
2-s2.0-84938399379_0007,2-s2.0-84938399379,Information technology usage scenario in academic libraries of higher education in Chhattisgarh: Challenges and opportunities,2015,10.14429/djlit.35.4.8844,7,(2015),,,2015,,,,,,,True,False,False,1,2015,True,SUSPICIOUSLY_SHORT_REFERENCE
2-s2.0-84938399379_0008,2-s2.0-84938399379,Information technology usage scenario in academic libraries of higher education in Chhattisgarh: Challenges and opportunities,2015,10.14429/djlit.35.4.8844,8,(2015),,,2015,,,,,,,True,False,False,1,2015,True,SUSPICIOUSLY_SHORT_REFERENCE
2-s2.0-84938399379_0009,2-s2.0-84938399379,Information technology usage scenario in academic libraries of higher education in Chhattisgarh: Challenges and opportunities,2015,10.14429/djlit.35.4.8844,9,(2015),,,2015,,,,,,,True,False,False,1,2015,True,SUSPICIOUSLY_SHORT_REFERENCE
2-s2.0-84938399379_0010,2-s2.0-84938399379,Information technology usage scenario in academic libraries of higher education in Chhattisgarh: Challenges and opportunities,2015,10.14429/djlit.35.4.8844,10,(2015),,,2015,,,,,,,True,False,False,1,2015,True,SUSPICIOUSLY_SHORT_REFERENCE
2-s2.0-85033591301_0019,2-s2.0-85033591301,Use of collection and services: A study of Indian agricultural research institute library,2017,10.14429/djlit.37.6.10706,19,"Kannappanavar B.U.; Swamy C., Library and information services in University of Agricultural Sciences in Karnataka: A Users Survey, In Responding to Users’ Need in Changing Information Landscapes: Sojourn of Libraries from Palm-Leaf to Palm-Top; Khot N.B.; Patil S., Library and information services in Shivaji University’s Barr. Balasaheb Khardekar Library: A Survey, In Responding to Users’ Need in Changing Information Landscapes: Sojourn of Libraries from Palm-Leaf to Palm-Top; Keshava S., Information needs and information seeking strategies of agricultural scientists, In Responding to Users’ Need in Changing Information Landscapes: Sojourn of Libraries from Palm-Leaf to Palm-Top; Majid S.; Tan A.T., Usage of information resource by computer engineering students: A case study of Nanyang Technological University, Singapore, Online Information Review, 26, 5, pp. 318-325, (2002)",Library and information services in University of Agricultural Sciences in Karnataka: A Users Survey,Kannappanavar B.U.; Swamy C.,2002,In Responding to Users’ Need in Changing Information Landscapes: Sojourn of Libraries from Palm-Leaf to Palm-Top; Khot N.B.; Patil S.,26,5,318-325,,,True,False,False,1,2002,True,SUSPICIOUSLY_LONG_REFERENCE
2-s2.0-84865838908_0001,2-s2.0-84865838908,From plato to michael hart: The long journey of e-books,2012,10.14429/djlit.32.2.1592,1,"Phaedrus, (2002)",Phaedrus,,2002,,,,,,,True,False,False,1,2002,True,SUSPICIOUSLY_SHORT_REFERENCE
2-s2.0-84865693888_0007,2-s2.0-84865693888,Need of legislation and digital preservation policy framework in Indian context,2012,10.14429/djlit.32.4.2526,7,(2008),,,2008,,,,,,,True,False,False,1,2008,True,SUSPICIOUSLY_SHORT_REFERENCE
2-s2.0-84921748759_0016,2-s2.0-84921748759,"User satisfaction regarding quality of library services of A.C. Joshi Library, Panjab University, Chandigarh",2015,10.14429/djlit.35.1.8072,16,"Panjab University, A.C. Joshi Library",A.C. Joshi Library,Panjab University,,,,,,,,False,False,False,0,,True,TRAILING_REMAINDER_NO_CLOSING_YEAR; NO_YEAR_DETECTED
2-s2.0-85016488339_0012,2-s2.0-85016488339,Patent search tools for competitive intelligence for product design and development of CBRN decon device,2017,10.14429/djlit.37.2.10392,12,(2014),,,2014,,,,,,,True,False,False,1,2014,True,SUSPICIOUSLY_SHORT_REFERENCE
2-s2.0-85016488339_0015,2-s2.0-85016488339,Patent search tools for competitive intelligence for product design and development of CBRN decon device,2017,10.14429/djlit.37.2.10392,15,(2014),,,2014,,,,,,,True,False,False,1,2014,True,SUSPICIOUSLY_SHORT_REFERENCE
2-s2.0-85016488339_0016,2-s2.0-85016488339,Patent search tools for competitive intelligence for product design and development of CBRN decon device,2017,10.14429/djlit.37.2.10392,16,(2015),,,2015,,,,,,,True,False,False,1,2015,True,SUSPICIOUSLY_SHORT_REFERENCE
2-s2.0-85016502124_0001,2-s2.0-85016502124,Factors influencing usage of internet for academic purposes using technology acceptance model,2017,10.14429/djlit.37.2.10694,1,(2015),,,2015,,,,,,,True,False,False,1,2015,True,SUSPICIOUSLY_SHORT_REFERENCE
2-s2.0-84938331735_0009,2-s2.0-84938331735,Libraries in Chennai on the threshold of the third millennium: Information and communication technology issues and challenges,2015,10.14429/djlit.35.4.8847,9,"Harsha P., Library networks in India: A review and suggestions for future directions, Bridging the Divide: Perspectives of an Informational Professional, pp. 159-169",Library networks in India: A review and suggestions for future directions,Harsha P.,,Bridging the Divide: Perspectives of an Informational Professional,,,159-169,,,False,False,False,0,,True,TRAILING_REMAINDER_NO_CLOSING_YEAR; NO_YEAR_DETECTED
2-s2.0-84865697206_0009,2-s2.0-84865697206,Webometric study of IIT libraries websites,2012,10.14429/djlit.32.3.2382,9,"Noruzi A., (2005)",Noruzi A,,2005,,,,,,,True,False,False,1,2005,True,SUSPICIOUSLY_SHORT_REFERENCE
2-s2.0-84901346936_0015,2-s2.0-84901346936,Agriculture research in India: A scientometric mapping of publications,2014,10.14429/djlit.34.5022,15,"Gall E.; Millot G.; Neubauer C., Research priorities in Europe Scientometric and Budget Analyses of some National and European Research Priorities, pp. 1-36",Research priorities in Europe Scientometric and Budget Analyses of some National and European Research Priorities,Gall E.; Millot G.; Neubauer C.,,,,,1-36,,,False,False,False,0,,True,TRAILING_REMAINDER_NO_CLOSING_YEAR; NO_YEAR_DETECTED
2-s2.0-84865837011_0004,2-s2.0-84865837011,eCataloguer: An automatic tool for developing bibliographic database using MARCXML records,2012,10.14429/djlit.32.2.1403,4,"Aurora ZMarc Collector; BiblioSoft. BIBLIObase; BookWhere; FastMARC Cataloger; The MARC of quality, MARC Report; Johnson S., MARC RTP; MARC toolkit for libraries, The MARC template library; Library of Congress, MARCMaker; Reese T., MarcEdit; Systems planning, MARConvert; MarciveWeb Select; SourceForge. MARC/Perl; Sytems Planning, MARCView; OCLC. WorldCat; Surpass Software, Surpass copycat; Visual MARC Editor",MARC Report; Johnson S.,Aurora ZMarc Collector; BiblioSoft. BIBLIObase; BookWhere; FastMARC Cataloger; The MARC of quality,,MARC RTP; MARC toolkit for libraries,,,,,,False,False,False,0,,True,TRAILING_REMAINDER_NO_CLOSING_YEAR; NO_YEAR_DETECTED
2-s2.0-85006410226_0002,2-s2.0-85006410226,Ever increasing cost of knowledge: Challenges for libraries for electronic resources a case study,2016,10.14429/djlit.36.6.10380,2,(2016),,,2016,,,,,,,True,False,False,1,2016,True,SUSPICIOUSLY_SHORT_REFERENCE
2-s2.0-85006410226_0004,2-s2.0-85006410226,Ever increasing cost of knowledge: Challenges for libraries for electronic resources a case study,2016,10.14429/djlit.36.6.10380,4,(2014),,,2014,,,,,,,True,False,False,1,2014,True,SUSPICIOUSLY_SHORT_REFERENCE
2-s2.0-85006410226_0005,2-s2.0-85006410226,Ever increasing cost of knowledge: Challenges for libraries for electronic resources a case study,2016,10.14429/djlit.36.6.10380,5,(2015),,,2015,,,,,,,True,False,False,1,2015,True,SUSPICIOUSLY_SHORT_REFERENCE
2-s2.0-84865681997_0003,2-s2.0-84865681997,Tailoring digital preservation services for practice: Workflow development and cost modeling,2012,10.14429/djlit.32.4.2523,3,(2012),,,2012,,,,,,,True,False,False,1,2012,True,SUSPICIOUSLY_SHORT_REFERENCE
2-s2.0-84865681997_0004,2-s2.0-84865681997,Tailoring digital preservation services for practice: Workflow development and cost modeling,2012,10.14429/djlit.32.4.2523,4,(2012),,,2012,,,,,,,True,False,False,1,2012,True,SUSPICIOUSLY_SHORT_REFERENCE
2-s2.0-85033605584_0001,2-s2.0-85033605584,Doctoral theses awarded in library and information science in India during 2010-2014: A study,2017,10.14429/djlit.37.6.11097,1,(2012),,,2012,,,,,,,True,False,False,1,2012,True,SUSPICIOUSLY_SHORT_REFERENCE
2-s2.0-85033605584_0002,2-s2.0-85033605584,Doctoral theses awarded in library and information science in India during 2010-2014: A study,2017,10.14429/djlit.37.6.11097,2,(2016),,,2016,,,,,,,True,False,False,1,2016,True,SUSPICIOUSLY_SHORT_REFERENCE
2-s2.0-84865679789_0005,2-s2.0-84865679789,Digital content creation and management in agricultural libraries in India: Issues and trends,2012,10.14429/djlit.32.1.1403,5,"Hoyt N., Content management system; Varathan K.; Soundararajan E.; Somasejharan M., Content management system: A study of IGCAR library",Content management system; Varathan K.; Soundararajan E.; Somasejharan M.,Hoyt N.,,Content management system: A study of IGCAR library,,,,,,False,False,False,0,,True,TRAILING_REMAINDER_NO_CLOSING_YEAR; NO_YEAR_DETECTED
2-s2.0-84932144312_0004,2-s2.0-84932144312,Libraries and librarianship in India,2015,10.14429/djlit.35.3.8721,4,(2015),,,2015,,,,,,,True,False,False,1,2015,True,SUSPICIOUSLY_SHORT_REFERENCE
2-s2.0-84983400062_0001,2-s2.0-84983400062,Development of web directory of aerospace testing facilities in India,2016,10.14429/djlit.36.4.10064,1,(2015),,,2015,,,,,,,True,False,False,1,2015,True,SUSPICIOUSLY_SHORT_REFERENCE
2-s2.0-84983400062_0004,2-s2.0-84983400062,Development of web directory of aerospace testing facilities in India,2016,10.14429/djlit.36.4.10064,4,"Chandrashekara M.; Kumar N.M., Homepages of Indian Universities Website: A Study. 3Rd Convention PLANNER -2005, Assam Univ., pp. 333-346",Homepages of Indian Universities Website: A Study. 3Rd Convention PLANNER -2005,Chandrashekara M.; Kumar N.M.,2005,Assam Univ,,,333-346,,,True,False,False,0,2005,True,TRAILING_REMAINDER_NO_CLOSING_YEAR
2-s2.0-84872848810_0016,2-s2.0-84872848810,From clay tablets to web: Journey of library catalogue,2013,10.14429/djlit.33.1.3729,16,"Voon J., (2003)",Voon J,,2003,,,,,,,True,False,False,1,2003,True,SUSPICIOUSLY_SHORT_REFERENCE
2-s2.0-84925354357_0004,2-s2.0-84925354357,Integrated silicon photonics: Visualisation of patent datasets for mapping technology,2015,10.14429/djlit.35.2.8425,4,(2014),,,2014,,,,,,,True,False,False,1,2014,True,SUSPICIOUSLY_SHORT_REFERENCE
2-s2.0-84925354357_0005,2-s2.0-84925354357,Integrated silicon photonics: Visualisation of patent datasets for mapping technology,2015,10.14429/djlit.35.2.8425,5,(2014),,,2014,,,,,,,True,False,False,1,2014,True,SUSPICIOUSLY_SHORT_REFERENCE
2-s2.0-84925354357_0017,2-s2.0-84925354357,Integrated silicon photonics: Visualisation of patent datasets for mapping technology,2015,10.14429/djlit.35.2.8425,17,(2014),,,2014,,,,,,,True,False,False,1,2014,True,SUSPICIOUSLY_SHORT_REFERENCE
2-s2.0-84884321041_0002,2-s2.0-84884321041,Training needs of school librarians in India,2013,10.14429/djlit.33.5100,2,"century jobs, (1999)",century jobs,,1999,,,,,,,True,False,False,1,1999,True,SUSPICIOUSLY_SHORT_REFERENCE
2-s2.0-84911371853_0010,2-s2.0-84911371853,Academic library’s responses to the emerging trends in higher education,2014,10.14429/djlit.34.6.6878,10,(2013),,,2013,,,,,,,True,False,False,1,2013,True,SUSPICIOUSLY_SHORT_REFERENCE
2-s2.0-84911371853_0029,2-s2.0-84911371853,Academic library’s responses to the emerging trends in higher education,2014,10.14429/djlit.34.6.6878,29,"Kim B., Keeping up With... Gamification",Keeping up With... Gamification,Kim B.,,,,,,,,False,False,False,0,,True,TRAILING_REMAINDER_NO_CLOSING_YEAR; NO_YEAR_DETECTED
2-s2.0-84887598429_0008,2-s2.0-84887598429,Annals of library and information studies (ALIS) journal: A bibliometric study (2002-2012),2013,10.14429/djlit.33.5481,8,NISCAIR,NISCAIR,,,,,,,,,False,False,False,0,,True,TRAILING_REMAINDER_NO_CLOSING_YEAR; NO_YEAR_DETECTED; SUSPICIOUSLY_SHORT_REFERENCE
2-s2.0-84880661426_0003,2-s2.0-84880661426,DRDO knowledge repository,2013,,3,"DSpace; Prasad A.R.D.; Madalli D.P., Documentation Research and Training Centre; DTIC",DSpace; Prasad A.R.D.; Madalli D.P.,,,Documentation Research and Training Centre; DTIC,,,,,,False,False,False,0,,True,TRAILING_REMAINDER_NO_CLOSING_YEAR; NO_YEAR_DETECTED
2-s2.0-84983442229_0014,2-s2.0-84983442229,Personalised information recommender using framework for ontology alignment among digital libraries,2016,10.14429/djlit.36.4.9600,14,(2008),,,2008,,,,,,,True,False,False,1,2008,True,SUSPICIOUSLY_SHORT_REFERENCE
2-s2.0-84994211441_0012,2-s2.0-84994211441,Awareness and use of social networking sites by librarians of management institutions in mumbai: A state-of-the-art,2016,10.14429/djlit.36.5.10283,12,"Stuart D., What are Libraries Doing on Twitter",What are Libraries Doing on Twitter,Stuart D.,,,,,,,,False,False,False,0,,True,TRAILING_REMAINDER_NO_CLOSING_YEAR; NO_YEAR_DETECTED
2-s2.0-85006427687_0008,2-s2.0-85006427687,Digital resource management strategies: Study on selected all India radio media libraries of Karnataka,2016,10.14429/djlit.36.6.9279,8,"Venkadesam S., Strategic Planning and Policy for Collection Development of E-Resources to Satisfy Users Requirements: A Case Study of JRD Tata Memorial Library",Strategic Planning and Policy for Collection Development of E-Resources to Satisfy Users Requirements: A Case Study of JRD Tata Memorial Library,Venkadesam S.,,,,,,,,False,False,False,0,,True,TRAILING_REMAINDER_NO_CLOSING_YEAR; NO_YEAR_DETECTED
2-s2.0-84911436551_0006,2-s2.0-84911436551,Embedded librarianship: Librarian faculty collaboration,2014,10.14429/djlit.34.6.7059,6,"Delhi University Library System (DULS); IGNOU library, Library & Documentation Division; IGNOU Online; IIT-Delhi, Central Library; Tamil Virtual Academy",Library & Documentation Division; IGNOU Online; IIT-Delhi,Delhi University Library System (DULS); IGNOU library,,Central Library; Tamil Virtual Academy,,,,,,False,False,False,0,,True,TRAILING_REMAINDER_NO_CLOSING_YEAR; NO_YEAR_DETECTED
2-s2.0-84872864185_0002,2-s2.0-84872864185,Mapping of engineering research trend in Karnataka: A special reference to Visvesvaraya Technological University,2013,10.14429/djlit.33.1.3730,2,(2012),,,2012,,,,,,,True,False,False,1,2012,True,SUSPICIOUSLY_SHORT_REFERENCE
2-s2.0-84932115789_0003,2-s2.0-84932115789,Collection development in indian academic libraries: An empirical approach to determine the number of copies for acquisition,2015,10.14429/djlit.35.3.7806,3,(2012),,,2012,,,,,,,True,False,False,1,2012,True,SUSPICIOUSLY_SHORT_REFERENCE
2-s2.0-84865689347_0003,2-s2.0-84865689347,"Research and development, patenting and performance: Evidence from indian pharmaceutical industry",2012,10.14429/djlit.32.3.2379,3,"Chaudhuri S., (2005)",Chaudhuri S,,2005,,,,,,,True,False,False,1,2005,True,SUSPICIOUSLY_SHORT_REFERENCE
2-s2.0-84865834628_0019,2-s2.0-84865834628,Blogs on marketing library services,2012,10.14429/djlit.32.2.1598,19,Library branding; Library marketing: Some important bibliographies,Library branding; Library marketing: Some important bibliographies,,,,,,,,,False,False,False,0,,True,TRAILING_REMAINDER_NO_CLOSING_YEAR; NO_YEAR_DETECTED
2-s2.0-85028607820_0010,2-s2.0-85028607820,DESIDOC journal of library and information technology (DJLIT): A bibliometric analysis of cited references,2017,10.14429/djlit.37.4.10712,10,(2016),,,2016,,,,,,,True,False,False,1,2016,True,SUSPICIOUSLY_SHORT_REFERENCE
2-s2.0-84932082752_0006,2-s2.0-84932082752,Study of open access publishing in social sciences and its implications for libraries,2015,10.14429/djlit.35.3.8720,6,(2015),,,2015,,,,,,,True,False,False,1,2015,True,SUSPICIOUSLY_SHORT_REFERENCE
2-s2.0-84932082752_0011,2-s2.0-84932082752,Study of open access publishing in social sciences and its implications for libraries,2015,10.14429/djlit.35.3.8720,11,"Arunachalam S.; Muthu M., Open Access to Scholarly Literature in India: A Status Report: Centre for Internet and Society Bangalore",Open Access to Scholarly Literature in India: A Status Report: Centre for Internet and Society Bangalore,Arunachalam S.; Muthu M.,,,,,,,,False,False,False,0,,True,TRAILING_REMAINDER_NO_CLOSING_YEAR; NO_YEAR_DETECTED
2-s2.0-85016453223_0001,2-s2.0-85016453223,Facilitating e-learning through national knowledge network,2017,10.14429/djlit.37.2.10958,1,(2016),,,2016,,,,,,,True,False,False,1,2016,True,SUSPICIOUSLY_SHORT_REFERENCE
2-s2.0-85016453223_0011,2-s2.0-85016453223,Facilitating e-learning through national knowledge network,2017,10.14429/djlit.37.2.10958,11,(2016),,,2016,,,,,,,True,False,False,1,2016,True,SUSPICIOUSLY_SHORT_REFERENCE
2-s2.0-85016453223_0012,2-s2.0-85016453223,Facilitating e-learning through national knowledge network,2017,10.14429/djlit.37.2.10958,12,(2016),,,2016,,,,,,,True,False,False,1,2016,True,SUSPICIOUSLY_SHORT_REFERENCE
2-s2.0-85016453223_0015,2-s2.0-85016453223,Facilitating e-learning through national knowledge network,2017,10.14429/djlit.37.2.10958,15,(2016),,,2016,,,,,,,True,False,False,1,2016,True,SUSPICIOUSLY_SHORT_REFERENCE
2-s2.0-85016453223_0016,2-s2.0-85016453223,Facilitating e-learning through national knowledge network,2017,10.14429/djlit.37.2.10958,16,(2016),,,2016,,,,,,,True,False,False,1,2016,True,SUSPICIOUSLY_SHORT_REFERENCE
2-s2.0-84932124379_0003,2-s2.0-84932124379,"Metadata diversity, interoperability and resource discovery issues and challenges",2015,10.14429/djlit.35.3.8074,3,(2004),,,2004,,,,,,,True,False,False,1,2004,True,SUSPICIOUSLY_SHORT_REFERENCE
2-s2.0-84932124379_0004,2-s2.0-84932124379,"Metadata diversity, interoperability and resource discovery issues and challenges",2015,10.14429/djlit.35.3.8074,4,(2014),,,2014,,,,,,,True,False,False,1,2014,True,SUSPICIOUSLY_SHORT_REFERENCE
2-s2.0-84932124379_0006,2-s2.0-84932124379,"Metadata diversity, interoperability and resource discovery issues and challenges",2015,10.14429/djlit.35.3.8074,6,(1998),,,1998,,,,,,,True,False,False,1,1998,True,SUSPICIOUSLY_SHORT_REFERENCE
2-s2.0-84932124379_0009,2-s2.0-84932124379,"Metadata diversity, interoperability and resource discovery issues and challenges",2015,10.14429/djlit.35.3.8074,9,(1998),,,1998,,,,,,,True,False,False,1,1998,True,SUSPICIOUSLY_SHORT_REFERENCE
2-s2.0-84932124379_0010,2-s2.0-84932124379,"Metadata diversity, interoperability and resource discovery issues and challenges",2015,10.14429/djlit.35.3.8074,10,(2014),,,2014,,,,,,,True,False,False,1,2014,True,SUSPICIOUSLY_SHORT_REFERENCE
2-s2.0-84932124379_0011,2-s2.0-84932124379,"Metadata diversity, interoperability and resource discovery issues and challenges",2015,10.14429/djlit.35.3.8074,11,(2014),,,2014,,,,,,,True,False,False,1,2014,True,SUSPICIOUSLY_SHORT_REFERENCE
2-s2.0-84932124379_0013,2-s2.0-84932124379,"Metadata diversity, interoperability and resource discovery issues and challenges",2015,10.14429/djlit.35.3.8074,13,(2014),,,2014,,,,,,,True,False,False,1,2014,True,SUSPICIOUSLY_SHORT_REFERENCE
2-s2.0-84932124379_0014,2-s2.0-84932124379,"Metadata diversity, interoperability and resource discovery issues and challenges",2015,10.14429/djlit.35.3.8074,14,"19, (1998)",19,,1998,,,,,,,True,False,False,1,1998,True,SUSPICIOUSLY_SHORT_REFERENCE
2-s2.0-84932124379_0018,2-s2.0-84932124379,"Metadata diversity, interoperability and resource discovery issues and challenges",2015,10.14429/djlit.35.3.8074,18,(2014),,,2014,,,,,,,True,False,False,1,2014,True,SUSPICIOUSLY_SHORT_REFERENCE
2-s2.0-84932124379_0019,2-s2.0-84932124379,"Metadata diversity, interoperability and resource discovery issues and challenges",2015,10.14429/djlit.35.3.8074,19,(1997),,,1997,,,,,,,True,False,False,1,1997,True,SUSPICIOUSLY_SHORT_REFERENCE
2-s2.0-85006340285_0008,2-s2.0-85006340285,"Users’ perceptions of library services in Tata institute of social sciences, Mumbai",2016,10.14429/djlit.36.6.9801,8,Google Forms,Google Forms,,,,,,,,,False,False,False,0,,True,TRAILING_REMAINDER_NO_CLOSING_YEAR; NO_YEAR_DETECTED; SUSPICIOUSLY_SHORT_REFERENCE
2-s2.0-84872842522_0001,2-s2.0-84872842522,Corporate social responsibility initiatives for promotion of public libraries,2013,10.14429/djlit.33.1.3727,1,"Das A.K.; Banwari L., Information Literacy and Public Libraries In India",Information Literacy and Public Libraries In India,Das A.K.; Banwari L.,,,,,,,,False,False,False,0,,True,TRAILING_REMAINDER_NO_CLOSING_YEAR; NO_YEAR_DETECTED
2-s2.0-85007504646_0014,2-s2.0-85007504646,"LIS education at university of botswana: Evolution, opportunities and challenges",2017,10.14429/djlit.37.1.108643,14,(2014),,,2014,,,,,,,True,False,False,1,2014,True,SUSPICIOUSLY_SHORT_REFERENCE
2-s2.0-84872836761_0001,2-s2.0-84872836761,Imbibing public libraries and corporate social responsibility to promote rural development,2013,10.14429/djlit.33.1.3723,1,(1999),,,1999,,,,,,,True,False,False,1,1999,True,SUSPICIOUSLY_SHORT_REFERENCE
2-s2.0-84948986637_0013,2-s2.0-84948986637,Library automation in India: Assessment of library services platforms,2015,10.14429/djlit.35.6.8895,13,"Informatics; Goudar I.R.N., Koha: Success story of Mysore University Library (LIS-Forum); Cybrarian; E-Granthalaya",Informatics; Goudar I.R.N.,,,Koha: Success story of Mysore University Library (LIS-Forum); Cybrarian; E-Granthalaya,,,,,,False,False,False,0,,True,TRAILING_REMAINDER_NO_CLOSING_YEAR; NO_YEAR_DETECTED
2-s2.0-84962446714_0008,2-s2.0-84962446714,"Use of library technology and services by the visually-impaired and the blind in the university of Khartoum, Sudan",2016,10.14429/djlit.36.2.9803,8,Theo. Developing Library Information Policy for Persons with Visual Impairment in Developing Countries,Theo. Developing Library Information Policy for Persons with Visual Impairment in Developing Countries,,,,,,,,,False,False,False,0,,True,TRAILING_REMAINDER_NO_CLOSING_YEAR; NO_YEAR_DETECTED
2-s2.0-84880646805_0021,2-s2.0-84880646805,Journey of catalogue from Panizzi's principles to resource description and access,2013,,21,"Joint Steering Committee For the Revision of Anglo-American Cataloguing Rules; Barbara T., RDA changes from AACR-2 for text, Resource Description and Access: From AACR to RDA; Gorman M., The Coming Cataloguing Debacle",RDA changes from AACR-2 for text,Joint Steering Committee For the Revision of Anglo-American Cataloguing Rules; Barbara T.,,Resource Description and Access: From AACR to RDA; Gorman M.,,,,,,False,False,False,0,,True,TRAILING_REMAINDER_NO_CLOSING_YEAR; NO_YEAR_DETECTED
2-s2.0-84878052574_0006,2-s2.0-84878052574,"Wistfully waiting no more: An open source, exhibition building case study",2013,10.14429/djlit.33.4605,6,"Pachyderm, (2008)",Pachyderm,,2008,,,,,,,True,False,False,1,2008,True,SUSPICIOUSLY_SHORT_REFERENCE
2-s2.0-85007488761_0001,2-s2.0-85007488761,LIS education in an interdisciplinary frame: Integrating digital media into the ethics of digital personhood,2017,10.14429/djlit.37.1.10861,1,(2014),,,2014,,,,,,,True,False,False,1,2014,True,SUSPICIOUSLY_SHORT_REFERENCE
2-s2.0-84955566334_0003,2-s2.0-84955566334,OPAC module in open source library management software: A comparative study,2016,10.14429/djlit.36.1.9223,3,"Singh M.; Sanaman G., Open source integrated library management systems: Comparative analysis of Koha and NewGenLib, The Electronic Library, 30, 6, pp. 809-832; Yang S.Q.; Hofmann M.A., The next generation library catalog: A comparative study of the OPACs of Koha, Evergreen, and Voyager, Info. Tech. and Lib, 29, 3, pp. 141-150; Haravu L.J., Comparison of Two Open Source Integrated Library Systems (ILS): Koha (Version. 3.0) and Newgenlib (Version. 2.2 Beta)",Open source integrated library management systems: Comparative analysis of Koha and NewGenLib,Singh M.; Sanaman G.,,The Electronic Library,30,6,809-832,,,False,False,False,0,,True,TRAILING_REMAINDER_NO_CLOSING_YEAR; NO_YEAR_DETECTED
2-s2.0-84901291136_0007,2-s2.0-84901291136,Ranking of Indian universities in social sciences using bibliometric indicators during 2008-12,2014,10.14429/djlit.34.7340,7,Scopus,Scopus,,,,,,,,,False,False,False,0,,True,TRAILING_REMAINDER_NO_CLOSING_YEAR; NO_YEAR_DETECTED; SUSPICIOUSLY_SHORT_REFERENCE
2-s2.0-84870026565_0006,2-s2.0-84870026565,Cloud computing and libraries,2012,10.14429/djlit.32.6.2848,6,(2011),,,2011,,,,,,,True,False,False,1,2011,True,SUSPICIOUSLY_SHORT_REFERENCE
2-s2.0-84870026565_0008,2-s2.0-84870026565,Cloud computing and libraries,2012,10.14429/djlit.32.6.2848,8,"Cloud Platform, (2011)",Cloud Platform,,2011,,,,,,,True,False,False,1,2011,True,SUSPICIOUSLY_SHORT_REFERENCE
2-s2.0-84870026565_0013,2-s2.0-84870026565,Cloud computing and libraries,2012,10.14429/djlit.32.6.2848,13,"Duracloud, (2012)",Duracloud,,2012,,,,,,,True,False,False,1,2012,True,SUSPICIOUSLY_SHORT_REFERENCE
2-s2.0-84865699123_0004,2-s2.0-84865699123,Microbicides development-trends in original research published globally in PubMed-indexed journals,2012,10.14429/djlit.32.3.2384,4,"PubMed., (2010)",PubMed,,2010,,,,,,,True,False,False,1,2010,True,SUSPICIOUSLY_SHORT_REFERENCE
2-s2.0-84942082966_0009,2-s2.0-84942082966,An overview of mobile reading habits,2015,10.14429/djlit.35.5.8901,9,(2015),,,2015,,,,,,,True,False,False,1,2015,True,SUSPICIOUSLY_SHORT_REFERENCE
2-s2.0-84942082966_0023,2-s2.0-84942082966,An overview of mobile reading habits,2015,10.14429/djlit.35.5.8901,23,(2014),,,2014,,,,,,,True,False,False,1,2014,True,SUSPICIOUSLY_SHORT_REFERENCE
2-s2.0-84942082966_0045,2-s2.0-84942082966,An overview of mobile reading habits,2015,10.14429/djlit.35.5.8901,45,(2015),,,2015,,,,,,,True,False,False,1,2015,True,SUSPICIOUSLY_SHORT_REFERENCE
2-s2.0-84942082966_0052,2-s2.0-84942082966,An overview of mobile reading habits,2015,10.14429/djlit.35.5.8901,52,(2014),,,2014,,,,,,,True,False,False,1,2014,True,SUSPICIOUSLY_SHORT_REFERENCE
2-s2.0-84942082966_0054,2-s2.0-84942082966,An overview of mobile reading habits,2015,10.14429/djlit.35.5.8901,54,Ericsson Mobility Report: On the pulse of the Networked Society,Ericsson Mobility Report: On the pulse of the Networked Society,,,,,,,,,False,False,False,0,,True,TRAILING_REMAINDER_NO_CLOSING_YEAR; NO_YEAR_DETECTED
2-s2.0-85006415420_0004,2-s2.0-85006415420,"Library professionals and social network sites: Use, relevance and challengesfrom university libraries in Ogun state, Nigeria",2016,10.14429/djlit.36.6.10406,4,"Beal V., SNS, (2016)",SNS,Beal V.,2016,,,,,,,True,False,False,1,2016,True,SUSPICIOUSLY_SHORT_REFERENCE
2-s2.0-84983447726_0040,2-s2.0-84983447726,Management of university research publication: A case study of JUIT publication database (JPubDB),2016,10.14429/djlit.36.4.9912,40,"Nolin J.M., The special librarian and personalized meta-services: Strategies for reconnecting librarians and researchers, Library Review, 62, 8-9, pp. 508-524",The special librarian and personalized meta-services: Strategies for reconnecting librarians and researchers,Nolin J.M.,,Library Review,62,8,508-524,,,False,False,False,0,,True,TRAILING_REMAINDER_NO_CLOSING_YEAR; NO_YEAR_DETECTED
2-s2.0-84964461877_0003,2-s2.0-84964461877,"Marketing of library resources, services and products: A case study of IIT Delhi",2016,10.14429/djlit.36.3.9813,3,(2016),,,2016,,,,,,,True,False,False,1,2016,True,SUSPICIOUSLY_SHORT_REFERENCE
2-s2.0-84964461877_0004,2-s2.0-84964461877,"Marketing of library resources, services and products: A case study of IIT Delhi",2016,10.14429/djlit.36.3.9813,4,(2016),,,2016,,,,,,,True,False,False,1,2016,True,SUSPICIOUSLY_SHORT_REFERENCE
2-s2.0-84884308580_0003,2-s2.0-84884308580,Research contribution of Prof Atul H. Chokshi to materials science: A scientometric study,2013,10.14429/djlit.33.5102,3,"SCOPUS Database, (2011)",SCOPUS Database,,2011,,,,,,,True,False,False,1,2011,True,SUSPICIOUSLY_SHORT_REFERENCE
2-s2.0-84884308580_0032,2-s2.0-84884308580,Research contribution of Prof Atul H. Chokshi to materials science: A scientometric study,2013,10.14429/djlit.33.5102,32,"Web of Science, (2010)",Web of Science,,2010,,,,,,,True,False,False,1,2010,True,SUSPICIOUSLY_SHORT_REFERENCE
2-s2.0-84948990129_0032,2-s2.0-84948990129,Search engines as an effective tool for library professionals,2015,10.14429/djlit.35.6.8804,32,"Field searching, (2015)",Field searching,,2015,,,,,,,True,False,False,1,2015,True,SUSPICIOUSLY_SHORT_REFERENCE
2-s2.0-84932150147_0006,2-s2.0-84932150147,Academic library in transition from library as a place to library as a learning centre: A case study of Indian Institutes of Management,2015,10.14429/djlit.35.3.8673,6,(2015),,,2015,,,,,,,True,False,False,1,2015,True,SUSPICIOUSLY_SHORT_REFERENCE
2-s2.0-84932150147_0012,2-s2.0-84932150147,Academic library in transition from library as a place to library as a learning centre: A case study of Indian Institutes of Management,2015,10.14429/djlit.35.3.8673,12,(2015),,,2015,,,,,,,True,False,False,1,2015,True,SUSPICIOUSLY_SHORT_REFERENCE
2-s2.0-84932150147_0013,2-s2.0-84932150147,Academic library in transition from library as a place to library as a learning centre: A case study of Indian Institutes of Management,2015,10.14429/djlit.35.3.8673,13,"Wikipedia, (2015)",Wikipedia,,2015,,,,,,,True,False,False,1,2015,True,SUSPICIOUSLY_SHORT_REFERENCE
2-s2.0-84932150147_0017,2-s2.0-84932150147,Academic library in transition from library as a place to library as a learning centre: A case study of Indian Institutes of Management,2015,10.14429/djlit.35.3.8673,17,(2015),,,2015,,,,,,,True,False,False,1,2015,True,SUSPICIOUSLY_SHORT_REFERENCE
2-s2.0-84932150147_0018,2-s2.0-84932150147,Academic library in transition from library as a place to library as a learning centre: A case study of Indian Institutes of Management,2015,10.14429/djlit.35.3.8673,18,(2015),,,2015,,,,,,,True,False,False,1,2015,True,SUSPICIOUSLY_SHORT_REFERENCE
2-s2.0-84932150147_0019,2-s2.0-84932150147,Academic library in transition from library as a place to library as a learning centre: A case study of Indian Institutes of Management,2015,10.14429/djlit.35.3.8673,19,(2015),,,2015,,,,,,,True,False,False,1,2015,True,SUSPICIOUSLY_SHORT_REFERENCE
2-s2.0-84932150147_0020,2-s2.0-84932150147,Academic library in transition from library as a place to library as a learning centre: A case study of Indian Institutes of Management,2015,10.14429/djlit.35.3.8673,20,(2015),,,2015,,,,,,,True,False,False,1,2015,True,SUSPICIOUSLY_SHORT_REFERENCE
2-s2.0-84932150147_0022,2-s2.0-84932150147,Academic library in transition from library as a place to library as a learning centre: A case study of Indian Institutes of Management,2015,10.14429/djlit.35.3.8673,22,(2015),,,2015,,,,,,,True,False,False,1,2015,True,SUSPICIOUSLY_SHORT_REFERENCE
2-s2.0-84867585876_0001,2-s2.0-84867585876,Open source software as tools for libraries: An Overview,2012,10.14429/djlit.32.5.2646,1,"Singh S.; Sherikar A.; Jange S., Open Source Software Development: Historical and Current Perspec Tives For Academic Librarianship",Open Source Software Development: Historical and Current Perspec Tives For Academic Librarianship,Singh S.; Sherikar A.; Jange S.,,,,,,,,False,False,False,0,,True,TRAILING_REMAINDER_NO_CLOSING_YEAR; NO_YEAR_DETECTED
2-s2.0-84887583815_0004,2-s2.0-84887583815,"Steps for developing digital repository using DSpace: An experience of Kuvempu University, India",2013,10.14429/djlit.33.5472,4,About Institutional Repositories; DSpace: 'About DSpace'; Step By Step Guide,About Institutional Repositories; DSpace: 'About DSpace'; Step By Step Guide,,,,,,,,,False,False,False,0,,True,TRAILING_REMAINDER_NO_CLOSING_YEAR; NO_YEAR_DETECTED
2-s2.0-84911399243_0005,2-s2.0-84911399243,Embedded librarianship in S&T environment,2014,10.14429/djlit.34.6.8095,5,"Kirkwood H.; Evans K., Embedded Librarianship and Virtual Environments, Entrepreneurship Information Literacy: A Case Study, pp. 106-116",Embedded Librarianship and Virtual Environments,Kirkwood H.; Evans K.,,Entrepreneurship Information Literacy: A Case Study,,,106-116,,,False,False,False,0,,True,TRAILING_REMAINDER_NO_CLOSING_YEAR; NO_YEAR_DETECTED
2-s2.0-84948971960_0021,2-s2.0-84948971960,IEEE transactions on antennas and propagation: A bibliometric study,2015,10.14429/djlit.35.6.8433,21,Google scholar citations,Google scholar citations,,,,,,,,,False,False,False,0,,True,TRAILING_REMAINDER_NO_CLOSING_YEAR; NO_YEAR_DETECTED; SUSPICIOUSLY_SHORT_REFERENCE
2-s2.0-84906967788_0009,2-s2.0-84906967788,Data mining: Competitive tool to digital library,2014,10.14429/djlit.34.6722,9,(2014),,,2014,,,,,,,True,False,False,1,2014,True,SUSPICIOUSLY_SHORT_REFERENCE
2-s2.0-84906967788_0018,2-s2.0-84906967788,Data mining: Competitive tool to digital library,2014,10.14429/djlit.34.6722,18,(2014),,,2014,,,,,,,True,False,False,1,2014,True,SUSPICIOUSLY_SHORT_REFERENCE
2-s2.0-84878049024_0014,2-s2.0-84878049024,Online (virtual) exhibitions applicatıon in education,2013,10.14429/djlit.33.4603,14,"Yilmaz H., Sanal Organizasyonlar Ve Stratejik İş Birliǧi Modeli Olarak Sanal Aǧ Organizasyonu; Science Education, 75, 5, pp. 513-523",Sanal Organizasyonlar Ve Stratejik İş Birliǧi Modeli Olarak Sanal Aǧ Organizasyonu; Science Education,Yilmaz H.,,,75,5,513-523,,,False,False,False,0,,True,TRAILING_REMAINDER_NO_CLOSING_YEAR; NO_YEAR_DETECTED
2-s2.0-84942117784_0012,2-s2.0-84942117784,Information and communication technology facilities and services among engineering college libraries in rayalaseema region of Andhra Pradesh,2015,10.14429/djlit.35.5.8600,12,Admission into Engineering and Pharmacy Colleges Information and Instructions Booklet,Admission into Engineering and Pharmacy Colleges Information and Instructions Booklet,,,,,,,,,False,False,False,0,,True,TRAILING_REMAINDER_NO_CLOSING_YEAR; NO_YEAR_DETECTED
2-s2.0-84865681026_0005,2-s2.0-84865681026,Trends in Indian patent filing in chemical sciences: An analysis,2012,10.14429/djlit.32.3.2377,5,"About patents., (2009)",About patents,,2009,,,,,,,True,False,False,1,2009,True,SUSPICIOUSLY_SHORT_REFERENCE
2-s2.0-84925357674_0001,2-s2.0-84925357674,MOOCs: Changing trend towards open distance learning with special reference to India,2015,10.14429/djlit.35.2.8191,1,(2014),,,2014,,,,,,,True,False,False,1,2014,True,SUSPICIOUSLY_SHORT_REFERENCE
2-s2.0-84925357674_0017,2-s2.0-84925357674,MOOCs: Changing trend towards open distance learning with special reference to India,2015,10.14429/djlit.35.2.8191,17,(2014),,,2014,,,,,,,True,False,False,1,2014,True,SUSPICIOUSLY_SHORT_REFERENCE
2-s2.0-84925357674_0019,2-s2.0-84925357674,MOOCs: Changing trend towards open distance learning with special reference to India,2015,10.14429/djlit.35.2.8191,19,(2014),,,2014,,,,,,,True,False,False,1,2014,True,SUSPICIOUSLY_SHORT_REFERENCE
2-s2.0-84925357674_0020,2-s2.0-84925357674,MOOCs: Changing trend towards open distance learning with special reference to India,2015,10.14429/djlit.35.2.8191,20,(2014),,,2014,,,,,,,True,False,False,1,2014,True,SUSPICIOUSLY_SHORT_REFERENCE
2-s2.0-84925357674_0021,2-s2.0-84925357674,MOOCs: Changing trend towards open distance learning with special reference to India,2015,10.14429/djlit.35.2.8191,21,(2014),,,2014,,,,,,,True,False,False,1,2014,True,SUSPICIOUSLY_SHORT_REFERENCE
2-s2.0-84925357674_0023,2-s2.0-84925357674,MOOCs: Changing trend towards open distance learning with special reference to India,2015,10.14429/djlit.35.2.8191,23,(2014),,,2014,,,,,,,True,False,False,1,2014,True,SUSPICIOUSLY_SHORT_REFERENCE
2-s2.0-84925357674_0024,2-s2.0-84925357674,MOOCs: Changing trend towards open distance learning with special reference to India,2015,10.14429/djlit.35.2.8191,24,(2014),,,2014,,,,,,,True,False,False,1,2014,True,SUSPICIOUSLY_SHORT_REFERENCE
2-s2.0-84925357674_0028,2-s2.0-84925357674,MOOCs: Changing trend towards open distance learning with special reference to India,2015,10.14429/djlit.35.2.8191,28,(2014),,,2014,,,,,,,True,False,False,1,2014,True,SUSPICIOUSLY_SHORT_REFERENCE
2-s2.0-84925357674_0031,2-s2.0-84925357674,MOOCs: Changing trend towards open distance learning with special reference to India,2015,10.14429/djlit.35.2.8191,31,(2014),,,2014,,,,,,,True,False,False,1,2014,True,SUSPICIOUSLY_SHORT_REFERENCE
2-s2.0-84887599380_0001,2-s2.0-84887599380,Social science research in India: A Scientometric analysis of publications (2001-10),2013,10.14429/djlit.33.5475,1,"Review Committee, (2012)",Review Committee,,2012,,,,,,,True,False,False,1,2012,True,SUSPICIOUSLY_SHORT_REFERENCE
2-s2.0-84887599380_0006,2-s2.0-84887599380,Social science research in India: A Scientometric analysis of publications (2001-10),2013,10.14429/djlit.33.5475,6,Scopus Database,Scopus Database,,,,,,,,,False,False,False,0,,True,TRAILING_REMAINDER_NO_CLOSING_YEAR; NO_YEAR_DETECTED; SUSPICIOUSLY_SHORT_REFERENCE
2-s2.0-84904131899_0006,2-s2.0-84904131899,"Growth and distribution of Hindi, English, and Urdu periodicals in India: An analysis (1941-2013)",2014,10.14429/djlit.33.5920,6,"Newspapers today, (2009)",Newspapers today,,2009,,,,,,,True,False,False,1,2009,True,SUSPICIOUSLY_SHORT_REFERENCE
2-s2.0-84870047826_0001,2-s2.0-84870047826,Exposing library catalogues to search engines,2012,10.14429/djlit.32.6.2846,1,(2010),,,2010,,,,,,,True,False,False,1,2010,True,SUSPICIOUSLY_SHORT_REFERENCE
2-s2.0-84870047826_0002,2-s2.0-84870047826,Exposing library catalogues to search engines,2012,10.14429/djlit.32.6.2846,2,(2010),,,2010,,,,,,,True,False,False,1,2010,True,SUSPICIOUSLY_SHORT_REFERENCE
2-s2.0-84870047826_0003,2-s2.0-84870047826,Exposing library catalogues to search engines,2012,10.14429/djlit.32.6.2846,3,(2009),,,2009,,,,,,,True,False,False,1,2009,True,SUSPICIOUSLY_SHORT_REFERENCE
2-s2.0-84870047826_0005,2-s2.0-84870047826,Exposing library catalogues to search engines,2012,10.14429/djlit.32.6.2846,5,"pp. 12-19, (2005)",,,2005,,,,12-19,,,True,False,False,1,2005,True,SUSPICIOUSLY_SHORT_REFERENCE
2-s2.0-84865695660_0003,2-s2.0-84865695660,Retrieving patents: An overview for pharmaceutical industry,2012,10.14429/djlit.32.3.2378,3,(2011),,,2011,,,,,,,True,False,False,1,2011,True,SUSPICIOUSLY_SHORT_REFERENCE
2-s2.0-84865695660_0004,2-s2.0-84865695660,Retrieving patents: An overview for pharmaceutical industry,2012,10.14429/djlit.32.3.2378,4,(2011),,,2011,,,,,,,True,False,False,1,2011,True,SUSPICIOUSLY_SHORT_REFERENCE
2-s2.0-84865695660_0005,2-s2.0-84865695660,Retrieving patents: An overview for pharmaceutical industry,2012,10.14429/djlit.32.3.2378,5,(2011),,,2011,,,,,,,True,False,False,1,2011,True,SUSPICIOUSLY_SHORT_REFERENCE
2-s2.0-84865695660_0006,2-s2.0-84865695660,Retrieving patents: An overview for pharmaceutical industry,2012,10.14429/djlit.32.3.2378,6,(2011),,,2011,,,,,,,True,False,False,1,2011,True,SUSPICIOUSLY_SHORT_REFERENCE
2-s2.0-84865695660_0007,2-s2.0-84865695660,Retrieving patents: An overview for pharmaceutical industry,2012,10.14429/djlit.32.3.2378,7,(2011),,,2011,,,,,,,True,False,False,1,2011,True,SUSPICIOUSLY_SHORT_REFERENCE
2-s2.0-84865695660_0008,2-s2.0-84865695660,Retrieving patents: An overview for pharmaceutical industry,2012,10.14429/djlit.32.3.2378,8,(2011),,,2011,,,,,,,True,False,False,1,2011,True,SUSPICIOUSLY_SHORT_REFERENCE
2-s2.0-84865695660_0009,2-s2.0-84865695660,Retrieving patents: An overview for pharmaceutical industry,2012,10.14429/djlit.32.3.2378,9,(2011),,,2011,,,,,,,True,False,False,1,2011,True,SUSPICIOUSLY_SHORT_REFERENCE
2-s2.0-84865695660_0011,2-s2.0-84865695660,Retrieving patents: An overview for pharmaceutical industry,2012,10.14429/djlit.32.3.2378,11,(2011),,,2011,,,,,,,True,False,False,1,2011,True,SUSPICIOUSLY_SHORT_REFERENCE
2-s2.0-84865695660_0014,2-s2.0-84865695660,Retrieving patents: An overview for pharmaceutical industry,2012,10.14429/djlit.32.3.2378,14,(2011),,,2011,,,,,,,True,False,False,1,2011,True,SUSPICIOUSLY_SHORT_REFERENCE
2-s2.0-84865695660_0016,2-s2.0-84865695660,Retrieving patents: An overview for pharmaceutical industry,2012,10.14429/djlit.32.3.2378,16,(2011),,,2011,,,,,,,True,False,False,1,2011,True,SUSPICIOUSLY_SHORT_REFERENCE
2-s2.0-84865695660_0017,2-s2.0-84865695660,Retrieving patents: An overview for pharmaceutical industry,2012,10.14429/djlit.32.3.2378,17,(2011),,,2011,,,,,,,True,False,False,1,2011,True,SUSPICIOUSLY_SHORT_REFERENCE
2-s2.0-84865695660_0018,2-s2.0-84865695660,Retrieving patents: An overview for pharmaceutical industry,2012,10.14429/djlit.32.3.2378,18,(2011),,,2011,,,,,,,True,False,False,1,2011,True,SUSPICIOUSLY_SHORT_REFERENCE
